UAE;Abu Dhabi;543;158;11.8;13.2;15.8;19.1;22.8;24.8;27.6;28.7;25.6;21.8;17.5;14.1;23.8;24.6;28.6;33.4;38.4;39.6;42.0;41.5;40.1;35.8;30.6;25.7;3.9;42.0;24.8;7.3;0.1;0.0;0.1;0.1;0.1;0.0;1.8;9.0;0.8;3.5;3.9;1.4;0.0;0.0;0.0;0.1;0.0;0.0;0.2;2.1;0;0;0;0;0;0;0;0;0;0;0;0
Mexico;Acapulco;169;176;23.3;23.5;23.6;24.0;25.2;25.1;25.0;25.0;24.8;25.1;24.9;24.1;30.3;30.4;30.3;30.7;31.5;31.9;32.3;32.2;31.6;31.7;31.5;31.0;13.1;3.3;1.2;4.3;22.6;261.2;243.0;280.3;298.8;127.5;17.0;11.6;1.0;0.5;0.2;0.3;2.5;12.9;12.0;13.3;14.3;7.9;1.7;1.0;0;0;0;0;0;0;0;0;0;0;0;0
Ghana;Accra;409;203;23.4;24.1;24.1;24.2;23.9;23.1;22.5;22.2;22.4;23.9;23.5;23.4;32.1;32.7;32.5;32.2;31.2;29.3;28.5;28.0;29.0;30.5;31.6;31.7;10.9;21.8;57.1;96.8;131.2;221.0;66.0;28.0;67.8;62.4;27.7;16.1;1;2;5;6;10;15;9;7;8;7;3;2;0;0;0;0;0;0;0;0;0;0;0;0
Ethiopia;Addis Abeba;504;195;15;16;17;17;18;17;16;16;16;15;14;14;24;24;25;24;25;23;21;21;22;23;23;23;15;35;65;85;75;120;235;245;140;30;5;5;3;5;7;10;10;20;27;26;18;4;1;1;9;9;8;7;8;6;3;3;5;8;9;9
Jordania;Agaba;495;145;8.9;10.1;12.9;17;20.7;23.6;25.1;25.3;23.3;19.9;14.9;10.3;20.5;22.2;25.7;30.7;35.1;38.4;39.4;39.1;36.4;32.7;27;21.8;4.9;5.2;4.6;3.4;1;0;0;0;0;1.8;3;7.7;2;1.4;1.5;0.8;0.5;0;0;0;0;0.6;0.9;1.9;0;0;0;0;0;0;0;0;0;0;0;0
Australia;Alice Springs;737;272;21.4;20.7;17.4;12.5;8.3;5.2;4.1;6.1;10.1;14.7;17.8;20.2;36.2;35;32.6;27.9;22.9;19.8;19.6;22.5;27;30.7;33.5;35.3;38.7;43.7;33.6;18.2;19.5;14.8;14.5;10.1;8.7;22.1;25.9;38.9;4.6;4.7;3.2;2.2;3.2;2.7;2.7;2.1;2.3;4.9;5.7;5.8;10.1;9.8;9.6;9.4;8.5;8.6;9.2;9.6;10;10;10.1;10.2
Kazakhstan;Almaty;597;110;-11.1;-9.5;-2.4;5.6;10.9;15.2;17.6;16.3;11;4.6;-3.3;-8.8;-1.3;0.2;7.1;16.5;21.7;26.5;29.7;28.8;23.4;15.9;6.2;0.4;33;38;62;109;104;58;35;27;28;59;51;37;7.6;9.1;15.7;20.4;20;13.1;8.8;6.3;6.7;11.3;11.9;9.1;4;4;5;7;8;9;10;10;8;6;4;4
Indonesia;Ambon;722;225;22.1;21.8;22.9;22.8;22.8;22.2;22.3;22.4;21.9;22.3;22.6;24.0;32.3;32.2;31.6;31.5;30.2;29.4;28.5;28.9;29.9;31.4;32.5;33.1;21;44;101;299;402;817;647;457;241;239;196;175;4;10;13;26;22;27;26;22;16;15;17;19;0;0;0;0;0;0;0;0;0;0;0;0
Jordania;Amman;497;140;3.6;4.2;6.1;9.5;13.5;16.6;18.5;18.6;16.6;13.8;9.3;5.2;12.3;13.7;17.2;22.6;27.8;30.8;32;32.4;30.7;27.1;20.4;14.4;63.4;61.7;43.1;13.7;3.3;0;0;0;0.3;6.6;28;49.2;11;10.9;8;4;1.6;0.1;0;0;0.1;2.3;5.3;8.4;7;7;8;10;11;13;13;13;11;10;8;6
Netherlands;Amsterdam;423;88;0.5;0.2;2.4;4;7.8;10.4;12.5;12.3;10.2;7;3.9;1.9;5.4;6;9.2;12.4;17.1;19.2;21.4;21.8;18.4;14.1;9.2;6.5;62.1;43.4;58.9;41;48.3;67.5;65.8;61.4;82.1;85.1;89;74.9;17;13;17;14;14;14;13;13;16;17;19;18;0;0;0;0;0;0;0;0;0;0;0;0
Turkey;Antalya;484;126;5.9;6.2;7.8;11.1;15;19.4;22.4;22.3;19.1;15;10.7;7.6;14.9;15.4;17.7;21.2;25.4;30.5;33.8;33.7;30.9;26.4;21.2;16.7;232.4;160.7;96.8;46.2;30;9.6;2.2;2.5;12.3;67.7;131.9;263.3;12.6;10.8;8.9;6.4;5.3;2.6;0.6;0.7;1.8;5.8;7.6;12.3;5.3;5.7;6.8;8.1;10.1;11.6;12.1;11.7;10.2;8.1;6.5;5
Madagascar;Antananarivo;524;263;16.6;16.9;16.3;15.2;12.9;10.8;10.3;10.3;11.3;13.4;15.1;16.3;27.7;25.9;25.4;24.8;22.9;20.9;20.2;20.6;23.0;25.2;26.0;25.8;270.4;256.9;183.1;50.5;20.1;7.2;11.1;15.0;9.5;66.6;170.8;304.1;18;17;17;9;6;6;8;9;4;8;14;20;0;0;0;0;0;0;0;0;0;0;0;0
Samoa;Apia;856;251;23.9;24.2;24;23.8;23.4;23.2;22.6;22.8;23.1;23.4;23.6;23.8;30.4;30.6;30.6;30.7;30.4;30;29.5;29.6;29.9;30.1;30.3;30.5;489;368;352.1;211.2;192.6;120.8;120.7;113.2;153.9;224.3;261.7;357.5;22;19;19;14;12;7;9;9;11;14;16;19;6;6;6;6;7;7;7;7;8;6;6;6
Peru;Arequipa;234;255;8.6;8.8;8.5;6.9;6.3;5.5;5.5;5.5;6.4;6.6;6.6;7.7;21.5;21;21.4;21.7;21.8;21.3;21.4;21.9;22.3;22.6;22.5;22.1;28;35.6;21.3;0.7;0.2;0;0;1.8;1.4;0.2;1.1;4.3;0;0;0;0;0;0;0;0;0;0;0;0;0;0;0;0;0;0;0;0;0;0;0;0
Kazakhstan;Astana;585;91;-22.0;-21.8;-15.6;-2.4;5.8;11.2;13.4;10.9;5.1;-2.1;-11.2;-18.9;-12.6;-11.3;-5.0;9.3;19.6;25.3;27.0;24.3;18.6;8.5;-3.0;-9.7;17;15;15;22;33;33;53;35;24;30;21;20;3.9;3.3;3.3;5.4;8.4;10.4;11.6;9.9;6.8;7.4;4.7;3.9;0;0;0;0;0;0;0;0;0;0;0;0
Greece;Ateny;467;123;5.2;5.4;6.7;9.6;13.9;18.2;20.8;20.7;17.3;13.4;9.8;6.8;12.5;13.5;15.7;20.2;26;31.1;33.5;33.2;29.2;23.3;18.1;14.1;56.9;46.7;40.7;30.8;22.7;10.6;5.8;6;13.9;52.6;58.3;69.1;12.6;10.4;10.2;8.1;6.2;3.7;1.9;1.7;3.3;7.2;9.7;12.1;4;5;6;8;9;11;12;12;9;7;5;4
New Zealand;Auckland;835;306;15.8;15.9;14.9;12.5;9.9;7.9;6.9;7.9;9.4;10.9;12.6;14.3;23.3;23.6;22.5;19.8;17;14.8;14;14.8;16;17.6;19.6;21.6;74.3;81.2;86.4;92.9;100.4;116.3;125.6;111.4;92.9;80.2;83.6;91.4;10;10;11;14;19;19;21;19;17;16;15;12;7;7;6;5;4;4;4;5;5;6;7;7
Iraq;Baghdad;516;137;3.8;5.5;9.6;15.2;20.1;23.3;25.5;24.5;20.7;15.9;9.2;5.1;15.5;18.5;23.6;29.9;36.5;41.3;44.0;43.5;40.2;33.4;23.7;17.2;27.2;19.1;22.0;15.6;3.2;0.0;0.0;0.0;0.0;3.3;12.4;20.0;8;7;8;6;4;0;0;0;0;4;6;7;0;0;0;0;0;0;0;0;0;0;0;0
Mali;Bamako;392;185;17.0;19.9;22.9;25.2;25.4;23.6;22.2;21.8;21.6;21.3;18.4;16.8;33.4;36.4;38.5;39.6;38.5;35.3;32.1;31.1;32.2;34.6;35.3;33.4;0.6;0.7;2.1;19.7;54.1;132.1;224.1;290.2;195.9;66.1;5.2;0.5;0.2;0.2;0.6;3.3;6.3;7.7;16.7;17.9;14.7;5.7;0.3;0.1;0;0;0;0;0;0;0;0;0;0;0;0
India;Bangalore;598;183;15.1;16.6;19.2;21.5;21.2;19.9;19.5;19.4;19.3;19.1;17.2;15.6;27;29.6;32.4;33.6;32.7;29.2;27.5;27.4;28;27.7;26.6;25.9;2.7;7.2;4.4;46.3;119.6;80.6;110.2;137;194.8;180.4;64.5;22.1;0.2;0.5;0.4;3;7;6.4;8.3;10;9.3;9;4;1.7;0;0;0;0;0;0;0;0;0;0;0;0
Thailand;Bangkok;654;181;21;23.3;24.9;26.1;25.6;25.4;25;24.9;24.6;24.3;23.1;20.8;32;32.7;33.7;34.9;34;33.1;32.7;32.5;32.3;32;31.6;31.3;9;30;29;65;220;149;155;197;344;242;48;10;1;2;2;4;13;12;13;15;18;14;5;1;9;8;9;8;8;6;5;5;5;6;8;9
Spain;Barcelona;415;116;4.4;5.3;6.7;8.5;12;15.7;18.6;19.3;16.7;12.6;8.1;5.7;13.4;14.6;15.9;17.6;20.5;24.2;27.5;28;25.5;21.5;17;14.3;41;29;42;49;59;42;20;61;85;91;58;51;6;5;6;7;7;6;3;6;6;8;6;6;5;6;6;7;8;9;10;9;7;5;4;4
China;Beijing;693;117;-9.4;-6.9;-0.6;7.2;13.2;18.2;21.6;20.4;14.2;7.3;-0.4;-6.9;1.6;4;11.3;19.9;26.4;30.3;30.8;29.5;25.8;19;10.1;3.3;3;6;9;26;29;71;176;182;49;19;6;2;2;3;4;5;6;9;14;12;7;5;3;2;7;7;8;8;9;9;7;7;8;8;6;6
UK;Belfast;395;83;1.4;1.3;2.1;3.4;5.7;8.6;10.4;10.3;8.8;6.8;3.3;2.3;6.5;6.4;8.4;10.7;13.6;16.5;17.9;17.6;15.5;12.5;8.7;7.3;87;60;70;57;62;64;57;83;85;94;82;84;20.6;15.7;19.4;15.4;16.2;15.7;15.6;17.2;17.4;19.3;18.4;19.3;1;2;3;5;6;6;4;4;4;3;2;1
Norway;Bergen;423;70;-0.4;-0.5;0.9;3.0;7.2;10.2;11.5;11.6;9.1;6.6;2.8;0.6;3.6;4.0;5.9;9.1;14.0;16.8;17.6;17.4;14.2;11.2;6.9;4.7;190;152;170;114;106;132;148;190;283;271;259;235;21;17;19;17;17;16;18;19;23;24;22;22;0;0;0;0;0;0;0;0;0;0;0;0
Germany;Berlin;442;88;-2.7;-2.1;0.7;4.1;8.8;12.4;14;13.6;10.5;6.6;2.4;-1;2;3.6;7.8;12.9;18.4;21.9;23.3;23;19;13.7;7.3;3.4;43;34.1;37.4;40.9;56;75.3;52.3;60.5;45.5;36.2;49.3;53.4;10;8;8;9;10;10;9;8;8;8;10;11;2;2;5;6;8;8;8;7;6;4;2;1
Spain;Bilbao;403;111;34.7;5.1;5.7;7.1;10.1;12.6;14.8;15.2;13.2;10.8;7.6;6;13.2;14.5;15.9;16.8;20.1;22.6;25.2;25.5;24.4;20.8;16.4;14;126;97;94;124;90;64;62;82;74;121;141;116;16;15;15;17;16;12;11;12;12;14;15;16;0;0;0;0;0;0;0;0;0;0;0;0
Kyrgyzstan;Bishkek;592;113;-8.6;-7.3;-0.3;6.3;10.9;15.1;17.5;15.7;10.6;4.5;-1.1;-5.4;2.7;3.3;10.1;18.1;23.1;28.4;31.4;29.9;24.8;17.1;10.1;4.8;26;31;47;76;64;35;19;12;17;43;44;28;6.2;6.4;8.5;8.8;7.9;4.4;3.2;2.2;2.7;5.8;6.5;5.6;0;0;0;0;0;0;0;0;0;0;0;0
Colombia;Bogota;229;205;5.6;6.5;7.6;8.6;8.7;8.3;7.7;7.3;7.1;7.7;7.9;6.3;16.4;16.7;16.7;16;16.2;15.7;14.9;15.4;15.8;15.9;16;16.1;29;44;66;101;93;54;43;46;72;107;91;53;8;11;14;18;20;18;17;16;16;18;17;12;6;5;4;3;3;4;4;4;4;3;4;5
France;Bordeaux;409;107;2.8;3.4;4.6;6.6;10.3;13;15.1;15.2;12.5;9.5;5.5;3.8;10;11.7;14.5;16.5;20.5;23.5;26.4;26.6;23.7;18.8;13.4;10.7;92;82.6;70;80;83.8;63.8;54.5;59.5;90.3;94;106.8;106.7;12.5;11.3;11.2;12;11.5;8.9;7;7.8;9.6;11.3;12.5;12.6;3;4;5;7;7;8;9;8;7;5;3;2
USA;Boston;237;112;-5.8;-5;-0.4;4.6;9.9;15.1;18.4;17.8;13.8;8.3;3.5;-2.9;2.1;3.1;7.7;13.3;19.2;24.6;27.7;26.6;22.7;17.1;11.2;4.7;91.2;91.9;93.7;91.4;82.6;78.5;72.1;82.3;77.7;83.8;107.2;101.9;9;7.6;9.1;8.6;8.9;8.3;7.2;7.8;6.7;6.9;8.9;9.7;5;6;7;7;9;10;11;9;8;7;5;5
Belgium;Brussels;421;93;0.7;0.6;2.9;4.8;8.9;11.5;13.6;13.4;10.8;7.6;3.7;1.9;5.6;6.4;9.9;13.1;17.7;20;22.4;22.5;18.7;14.4;9.1;6.5;71.2;53;72.9;53.8;69.5;77.6;69.1;63.7;63;68.1;79.4;79;13.1;10.1;13.1;10.8;11.3;11.3;9.6;8.9;9.9;10.5;12.8;13.2;2;3;4;5;6;7;6;6;5;4;2;1
Hungary;Budapeszt;457;102;-4;-1.7;1.7;6.3;10.8;13.9;15.4;14.9;11.5;6.7;2.1;-1.8;1.2;4.5;10.2;16.3;21.4;24.4;26.5;26;22.1;16.1;8.1;3.1;32;31;29;38;55;63;52;51;40;33;52;40;7;6;6;6;8;8;7;6;5;5;7;7;2;3;5;7;8;9;10;9;7;5;2;1
Argentina;Buenos;267;300;20.4;19.4;17;13.7;10.3;7.6;7.4;8.9;9.9;13;15.9;18.4;30.4;28.7;26.4;22.7;19;15.6;14.9;17.3;18.9;22.5;25.3;28.1;121.6;122.6;153.9;106.9;92.1;50;52.9;63.2;77.7;139.3;131.2;103.2;9;9;9;9;8;6;7;8;7;10;10;9;9;9;7;7;6;4;5;6;6;8;9;9
Romania;Bukareszt;474;107;-5.5;-3.3;0.3;5.6;10.5;14;15.6;15;11.1;5.7;1.6;-2.6;1.5;4.1;10.5;18;23.3;26.8;28.8;28.5;24.6;18;10;3.8;40;36;38;46;70;77;64;58;42;32;49;43;6;6;6;7;6;6;7;6;5;5;6;6;2;3;5;6;8;9;11;10;8;5;2;2
Zimbabwe;Bulawayo;480;266;16.5;16.2;15.3;13.0;9.9;7.4;7.2;9.1;12.4;15.0;16.0;16.3;27.7;27.2;27.1;25.9;24.1;21.6;21.5;24.4;27.9;29.4;28.7;27.7;117.8;104.6;51.4;33.3;7.0;2.2;1.0;1.4;7.0;38.4;91.1;120.3;10;8;5;3;1;1;0;0;1;4;8;10;0;0;0;0;0;0;0;0;0;0;0;0
South Korea;Busan;725;131;-0.7;0.5;4.6;9.7;14.0;17.7;21.9;23.2;19.2;13.7;7.6;1.8;7.6;9.1;13.0;17.8;21.5;24.0;27.3;29.2;26.1;22.1;16.1;10.3;37.8;44.9;85.7;136.3;154.1;222.5;258.8;238.1;167.0;62.0;60.1;24.3;5.6;6.2;8.1;9.3;9.5;11.2;13.0;11.3;8.8;5.4;5.6;4.3;0;0;0;0;0;0;0;0;0;0;0;0
Italy;Cagriali;432;121;5.7;6.2;7.2;9.1;12.3;16.1;18.6;19.1;17;13.7;9.5;6.8;14.2;14.7;16.1;18.4;22.3;26.6;29.6;29.8;26.9;22.8;18.2;15.1;45.8;57.1;44.1;37.1;23.9;9.2;3.2;8.5;30.6;55.6;56;55.3;7.9;7.6;7.1;5.9;3.6;1.6;0.5;1.2;3.8;6.3;8.3;8.4;4;4;6;7;9;9;11;10;8;6;4;3
Australia;Cairns;764;257;23.9;24.0;23.1;21.9;20.2;18.2;17.1;17.5;18.8;20.9;22.5;23.7;31.6;31.3;30.6;29.4;27.9;26.3;25.9;26.7;28.4;29.8;30.8;31.6;378.7;448.0;388.7;215.3;89.0;40.8;30.9;28.9;34.8;48.2;108.4;181.3;18.1;18.4;18.4;18.8;14.0;9.1;8.8;8.2;7.1;8.1;11.6;14.1;0;0;0;0;0;0;0;0;0;0;0;0
Egypt;Cairo;486;143;9;9.8;11.7;14.7;17.5;20.4;21.7;21.9;20.4;17.9;13.8;10.3;18.8;20.5;23.4;28.4;32;34.2;34.4;33.9;32.6;29.6;24.7;20.2;7;4;4;2;0;0;0;0;0;1;3;5;1.4;0.6;0.4;0.2;0;0;0;0;0;0;0.2;0.5;7;8;9;10;10;12;12;11;10;9;8;6
Canada;Calgary;127;90;-15.1;-12.0;-7.8;-2.1;3.1;7.3;9.4;8.6;4.0;-1.4;-8.9;-13.4;-2.8;-0.1;4.0;11.3;16.4;20.2;22.9;22.5;17.6;12.1;2.8;-1.3;11.6;8.8;17.4;23.9;60.3;79.8;67.9;58.8;45.7;13.9;12.3;12.2;9.0;6.9;9.3;9;11.3;13.4;13.0;11.0;9.3;6.3;7.6;7.4;0;0;0;0;0;0;0;0;0;0;0;0
Colombia;Cali;225;209;19.2;19.2;19.3;19.4;19.3;19.0;18.0;18.5;18.8;18.9;19.0;19.0;29.8;29.9;30.2;29.7;29.3;29.5;30.2;30.9;30.3;29.2;28.8;29.1;88;120;146;190;165;91;55;64;108;170;159;129;11;13;15;18;17;12;9;9;13;19;17;13;5.9;5.6;5.4;4.6;4.8;5.1;6.1;5.7;5.3;4.9;5.1;5.5
Malaysia;Cam High;657;205;14.5;14.6;15.2;15.8;16.1;15.7;15.2;15.3;15.2;15.3;15.3;14.9;21.4;22.3;23;23.3;23.1;22.8;22.3;22;21.9;21.8;21.6;21;89.9;142.4;208.3;243.5;278.2;172.9;177.2;234.3;283.1;383.9;318.4;205.1;15;13;19;19;22;16;17;20;24;26;24;21;5;5;5;5;5;5;5;4;4;4;3;3
Mexico;Cancun;198;164;17.5;17.1;19;21.3;22.7;23;23;22.6;22.7;21.4;20;18.1;28.4;28.7;30;31.6;32.7;32.7;33.2;33.6;32.4;31.2;29.8;28.4;74;39.7;49.6;55.2;116.7;142.1;95.2;142.7;189.8;173.5;108.1;78.2;6.4;3.7;3.4;3.1;6;9.4;7.6;10.6;13.1;12;9.3;8;7;7;8;9;8;7;8;9;8;7;7;7
South Africa;Cape Town;455;299;15.7;15.6;14.2;11.9;9.4;7.8;7;7.5;8.7;10.6;13.2;14.9;26.1;26.5;25.4;23;20.3;18.1;17.5;17.8;19.2;21.3;23.5;24.9;15;17;20;41;69;93;82;77;40;30;14;17;5.5;4.6;4.8;8.3;11.4;13.3;11.8;13.7;10.4;8.7;4.9;6.2;11;10;9;8;6;6;6;7;8;9;10;11
Venezuela;Caracas;247;191;13.1;14.5;15.3;16.2;18.2;18.1;16.9;16.6;16.8;16.4;15.7;14.2;29;31;31.7;31.1;31.8;30.3;31;29.3;30.1;29.7;29.6;28.4;15.3;13.2;11.4;59.2;81.7;134.1;118.4;123.8;115.4;126.3;72.6;41.4;6;4;3;7;13;19;19;18;15;15;13;10;8;9;8;7;6;7;8;8;7;7;7;7
Colombia;Cartagena;227;191;23.6;24.0;24.5;25.2;25.6;25.7;25.3;25.4;25.4;25.1;25.1;24.2;30.5;30.6;30.8;31.1;31.3;31.6;31.6;31.5;31.3;30.9;30.9;30.7;4;1;2;24;115;100;108;127;135;235;131;35;0;0;1;3;10;13;10;13;14;16;11;3;9;8.5;7.9;7;6.36;6.24;7;6.6;5.92;5.6;6.7;8
Maroko;Casablanca;392;135;7.2;10.5;12;12.6;16;18.6;20.1;21.2;19.3;15.1;11.5;10.9;17.1;18.8;21.3;19.7;22.2;24.4;26.2;26.7;25.5;22.1;19.8;19.7;40.1;0;0;43.7;14.4;0;0;0.7;9.7;67.4;18.2;105.7;6;0;0;12;5;0;0;2;4;5;8;12;0;0;0;0;0;0;0;0;0;0;0;0
Venezuela;Cd.Bolivar;256;198;20.2;20.1;21.7;21.8;22.0;19.9;19.9;19.9;20.7;21.6;21.6;20.5;35.5;36.3;37.2;37.7;37.2;34.8;34.8;35.9;36.4;36.4;36.7;35.1;21.7;13.3;8.9;26.8;102.3;165.1;183.2;160.1;95.7;97.3;61.7;40.9;7;5;3;4;13;19;19;16;11;10;10;10;0;0;0;0;0;0;0;0;0;0;0;0
Thailand;Chiang Mai;650;171;14.2;15.6;19;22.4;23.7;23.9;23.8;23.6;23.1;22.1;19.2;15.3;29.4;32.2;34.9;36.1;34;32.6;31.8;31.3;31.5;31.3;29.8;28.3;7.7;9.2;19.2;54.1;153;117.3;153.2;224.6;200.2;118.1;51.3;18.3;0.7;1;2.2;6.4;14.6;16;18.4;20.6;17.2;11.6;5.1;1.6;9;9;9;9;8;6;5;4;6;7;8;9
Thailand;Chiang Rai;652;158;12.2;13.1;16.5;20.3;22.3;23.3;23.2;23;22.4;20.7;17.1;13;28.2;31.1;33.8;34.9;33.1;32;31;30.8;30.8;30.1;28.4;26.7;11.2;12.2;23.6;93.3;208.7;186.5;316.6;367.7;279.8;131.6;56.1;17.5;1.6;1.3;2.9;10;17.8;18.4;22.5;23.3;17.6;11.2;5;2;0;0;0;0;0;0;0;0;0;0;0;0
USA;Chicago;195;113;-10.6;-8.2;-1.9;3.7;8.7;14.2;17;16.4;12.2;5.7;-0.2;-7.2;-1.7;0.8;7.7;14.8;21.2;26.4;28.7;27.7;23.8;17.4;9.1;1.1;38.9;34.5;68.3;92.5;84.3;96;93;107.2;97;61.2;74.2;62.7;7.3;6.2;9;9.5;8.9;8;8;7.5;7.7;6.6;7.9;7.8;4;5;7;7;9;10;10;9;8;7;5;4
New Zealand;Christchurch;830;323;11.9;11.6;9.6;6.5;3.7;1.1;0.6;2.0;3.9;6.0;8.0;10.5;22.6;21.9;20.3;17.4;14.3;11.7;10.9;12.4;14.8;16.9;18.9;21.1;35.9;43.0;45.8;44.2;57.7;57.6;64.7;62.1;40.8;48.9;46.3;46.8;0;0;0;0;0;0;0;0;0;0;0;0;0;0;0;0;0;0;0;0;0;0;0;0
Sri Lanka;Colombo;604;198;22.3;22.6;23.7;24.6;25.5;25.5;25.2;25.1;24.8;24;23.2;22.8;30.9;31.2;31.7;31.8;31.1;30.4;30;30;30.2;30;30.1;30.3;58.2;72.7;128;245.6;392.4;184.9;121.9;119.5;245.4;365.4;414.4;175.3;5;5;9;14;16;16;12;11;15;17;15;10;8;9;8;7;6;5;6;6;6;7;6;8
Denmark;Copenhagen;440;80;-2;-2;-1;2;7;11;13;13;10;7;3;-1;2;2;5;10;15;19;20;20;17;12;7;4;36;24;34;35;40;45;57;55;53;47;52;47;17;13;14;13;13;11;13;13;14;14;17;16;1;2;4;5;8;8;8;7;5;3;1;1
Ireland;Cork;389;90;2.6;2.5;3.1;4.2;6.5;9.2;11.1;10.9;9.4;7.5;4.5;3.7;7.6;7.5;9.3;11.3;13.8;16.6;18.5;18.2;16;13.1;9.9;8.5;138;116;99;68;83;69;66;89;96;125;111;134;16;13;13;10;12;10;9;11;12;15;14;16;2;3;3;5;6;6;5;5;4;3;2;2
Brasil;Curitiba;289;279;15.8;16.3;15.4;12.8;10.2;7.8;8.1;9.2;10.8;12.5;14;15.4;25.6;25.8;24.9;22.3;21.1;18.3;19.4;20.9;21.3;22.6;24.5;25.4;165;142.1;126.6;90;99.2;98.1;89;74.5;115.4;134.2;123.8;150.1;17;15;16;14;14;12;12;10;12;13;13;16;0;0;0;0;0;0;0;0;0;0;0;0
Peru;Cuzco;233;248;6.6;6.5;6.2;4.9;2.5;0.3;0.1;1.6;3.9;5.5;6.1;6.4;18.9;18.8;19.1;19.7;19.8;19.5;19.1;19.8;19.8;20.9;20.7;19.4;145.3;133.7;107;43.2;8.7;1.5;4;8.6;21.8;39.4;71.9;122.7;18;13;11;8;3;2;2;2;7;8;12;16;5;4;5;7;8;8;8;8;7;6;7;5
Vietnam;Da Nang;675;179;18.5;19.8;21.5;23.3;24.9;25.5;25.3;25.5;24.1;23.2;21.6;19.3;24.8;26.1;28.7;31.0;33.4;33.9;34.3;33.9;31.5;29.6;27.0;24.9;96.2;33.0;22.4;26.9;62.6;87.1;85.6;103.0;349.7;612.8;366.2;199.0;13.7;6.9;4.8;5.6;8.9;8.0;8.6;11.4;15.4;21.2;20.9;18.6;0;0;0;0;0;0;0;0;0;0;0;0
Senegal;Dakar;368;180;18.3;18;18.1;18.9;20.3;23.2;24.8;25;25;24.9;22.9;20.6;25.9;25.3;24.9;24.8;25.8;28.5;26.8;29.9;30.6;30.9;29.9;27.6;0;0;0;0;0;10.3;64.7;235.4;173;30.1;0;0;0;0;0;0;0;2;6;11;9;4;0;0;8;9;10;10;10;9;7;6;7;8;9;8
Tanzania;Dar es Salaam;504;233;25;25;24;23;22;20;19;19;19;21;22;24;31;31;31;30;29;29;28;28;28;29;30;31;78;52;131;269;176;42;31;27;28;66;132;116;7;4;12;18;13;5;5;4;5;6;8;10;8;7;7;5;7;7;7;9;9;9;8;8
Australia;Darwin;728;247;25.0;24.9;24.7;24.3;22.5;20.1;19.4;20.4;23.2;25.0;25.6;25.6;31.8;31.5;32.1;32.9;32.2;30.8;30.8;31.6;32.7;33.5;33.5;32.7;465.5;373.1;335.4;107.5;24.7;2.3;1.2;5.8;17.4;65.4;136.8;276.4;22.3;21.1;19.6;9.8;2.3;0.7;0.4;0.7;2.9;6.7;12.5;16.9;0;0;0;0;0;0;0;0;0;0;0;0
Lotwa;Daugavpils;473;80;-9.7;-9.9;-6.5;0.6;6.1;10.1;11.8;10.9;7.2;2.9;-1.4;-6.1;-3.6;-2.6;2.1;10.3;17.9;21.5;22.5;21.6;16.3;9.8;3.3;-1;37;28;32;42;52;74;79;74;69;52;51;43;0;0;0;0;0;0;0;0;0;0;0;0;0;0;0;0;0;0;0;0;0;0;0;0
Indonesia;Denpasar;690;237;24.1;24.2;24;24.8;24.1;23.5;23;22.5;22.9;23.7;23.5;23.5;33;33.4;33.6;34.4;33.1;31.4;30.4;29.6;31.4;33.6;32.7;33;345;274;234;88;93;53;55;25;47;63;179;276;27;22;20;9;8;6;4;4;8;12;16;22;5.2;5.1;5.4;6.9;6.7;6.6;6.9;7.4;6.9;7.1;6.1;5.8
USA;Denver;151;119;-8.8;-6.6;-3.4;1.4;6.4;11.3;14.8;13.8;8.7;2.4;-3.7;-8.1;6.2;8.1;11.2;16.6;21.6;27.4;31.2;29.9;24.9;19.1;11.4;6.9;12.7;14.5;32.5;43.4;61;45.5;48.5;38.4;31.5;24.9;22.1;16.3;2.9;3.5;6.1;5.7;7.4;5.6;6.4;5.9;4.6;3.7;3.8;3.6;6.9;7.5;8.2;9.2;9.4;10.5;10.5;9.9;9.1;8;6.5;6.3
UAE;Dubai;544;155;13.7;14.5;17;20.1;23.5;26.1;28.9;29.3;26.3;22.7;18.3;15.4;24;24.6;27.9;32.4;36.8;38.8;40.6;40.4;38.7;35.1;30.5;26.2;11.3;35.7;22.4;7.6;0.7;0;0;0;0;0;1.8;14.3;1.8;3.7;3.8;1.6;0.4;0;0.1;0.1;0;0;0.3;2;0;0;0;0;0;0;0;0;0;0;0;0
Ireland;Dublin;394;88;2.5;2.5;3.1;4.4;6.8;9.6;11.4;11.1;9.6;7.6;4.2;3.2;7.6;7.5;9.5;11.4;14.2;17.2;18.9;18.6;16.6;13.7;9.8;8.4;69;50;54;51;55;56;50;70;67;70;65;76;13;10;11;10;11;10;9;11;10;11;11;12;2;3;3;5;6;6;5;5;4;3;2;2
Croatia;Dubrovnik;451;111;6.5;6.4;8.5;10.9;15.2;18.8;21.5;21.7;18.7;15.2;10.8;7.8;12.2;12.3;14.4;16.9;21.3;25.2;28.3;28.7;25.4;21.4;16.6;13.3;95.2;89.2;97.7;90.9;76.1;48.6;24.1;59;78.7;109.9;141.9;125.3;11.2;10.9;11.6;11.2;9.5;6.7;4.4;4.5;6.4;10.3;11.3;12.5;4;5;5;6;8;10;12;11;9;7;4;3
South Africa;Durban;485;289;21.1;21.1;20.2;17.4;13.8;10.6;10.5;12.5;15.3;16.8;18.3;20;27.8;28;27.7;26.1;24.5;23;22.6;22.8;23.3;24;25.2;26.9;134;113;120;73;59;28;39;62;73;98;108;102;15.2;12.9;12.6;9.2;6.8;4.5;4.9;7.1;11;15.1;16;15;6;7;7;7;7;8;7;7;6;6;5;6
Tajikistan;Dushanbe;578;123;-2.4;-0.8;4.4;9.8;12.9;16.8;18.3;16.0;11.3;7.1;3.3;0.3;8.1;9.3;15.1;21.9;26.8;33.0;35.7;34.4;29.9;23.2;16.5;10.6;72.2;84.8;138.0;115.1;79.1;11.0;2.4;1.3;2.7;30.2;47.9;68.7;13.6;14.7;17.9;16.7;14.1;5.9;3.2;1.2;1.9;8.0;9.2;11.8;0;0;0;0;0;0;0;0;0;0;0;0
Chile;Easter Island;154;280;19;19;20;18;17;16;15;15;15;15;17;18;26;27;26;24;24;20;20;20;20;22;23;25;85;74;85;114;134;106;110;90;83;82;73;93;;;;;;;;;;;;;10;11;10;9;6;4;4;4;5;7;9;10
UK;Edynburg;402;80;0.3;0;1.5;3.1;5.7;8.7;10.3;10.2;8.4;5.9;2.1;0.9;6.2;6.5;8.7;11.1;14.2;17.3;18.8;18.5;16.2;13.2;8.7;6.9;57;42;51;41;51;51;57;65;67;65;63;58;17.2;13.6;16.2;14;14.4;13.3;13.1;15.2;16.5;16.7;16.3;16.3;2;3;4;5;6;6;5;4;4;3;2;1
Filipiny;El Nido;702;189;24;24;24;25;26;25;24;24;24;24;24;24;30;31;31;32;32;31;31;31;31;31;31;30;23;10;11;40;176;296;435;439;383;266;199;103;4;3;3;4;8;13;15;15;14;15;12;8;7;8;8;9;8;6;6;5;6;6;7;7
Portugal;Faro;390;126;7.7;8.4;8.9;10.4;12.5;15.7;17.9;18;16.9;14.3;10.9;8.6;16.1;16.7;18.4;19.8;22.4;25.4;28.7;28.8;26.7;23.1;19.4;16.7;77.8;72.4;39;38.4;21.1;7.6;1.4;4.3;14;66.6;86.1;94.1;12;13;9;10;7;4;1;1;3;9;10;11;6;7;7;9;10;12;12;12;9;8;6;6
Italy;Florence;438;111;1.4;2.8;4.9;7.7;11.3;14.7;17.2;17.0;14.2;10.0;5.5;2.4;10.1;12.0;15.0;18.8;23.4;27.3;31.1;30.6;26.6;21.1;14.9;10.4;73.1;69.2;80.1;77.5;72.6;54.7;39.6;76.1;77.5;87.8;111.2;91.3;9.4;8.4;8.6;9.1;8.6;6.3;3.5;5.9;5.7;7.4;10.0;8.8;0;0;0;0;0;0;0;0;0;0;0;0
Brasil;Fortaleza;315;225;24.7;23.2;23.8;23.4;23.4;22.1;21.8;22.6;23.4;24.5;24.4;24.6;30.5;30.1;29.7;29.7;29.1;29.6;29.5;29.1;29.2;30.5;30.7;30.7;129.6;215.6;338.6;348.1;226.1;160.1;91.4;31.2;22.8;15.6;13.4;49.8;14;18;23;22;22;16;13;8;9;6;7;9;0;0;0;0;0;0;0;0;0;0;0;0
Germany;Frankfurt;430;94;-2.1;-1.6;0.9;3.9;7.9;11.3;13;12.7;9.7;5.8;1.7;-1;3.1;5.2;9.7;14.2;19;22.2;24.2;23.9;20.2;14.2;7.6;4.1;43.8;39.8;51.1;51.5;61.3;70.2;63;64.8;48.3;50.5;59.4;54.1;10;8;10;10;10;10;9;9;7;8;10;10;1;2;4;5;7;8;7;7;5;3;1;1
Japan;Fukukoka;728;136;3.5;4.1;6.7;11.2;15.6;19.9;24.3;25.0;21.3;15.4;10.2;5.6;9.9;11.1;14.4;19.5;23.7;26.9;30.9;32.1;28.3;23.4;17.8;12.6;68.0;71.5;112.5;116.6;142.5;254.8;277.9;172.0;178.4;73.7;84.8;59.8;9.1;8.3;11.1;9.8;9.3;11.2;10.6;8.9;9.9;6.2;8.3;8.5;0;0;0;0;0;0;0;0;0;0;0;0
Portugal;Funchal Madera;369;137;13.1;12.8;13;13.4;14.6;16.5;18;18.9;18.9;17.6;15.6;13.9;19.1;19.1;19.5;19.6;20.9;22.3;24.3;25.6;25.7;24.2;22;20;102.7;87.2;63.6;38.9;18.9;11.9;2.5;3.1;36.7;75;100.8;99.9;12;11;10;8;5;3;1;2;6;9;11;13;5;6;6;7;7;7;8;8;8;7;5;5
Botswana;Gaborone;473;277;19.4;19.3;17.4;13.4;8.3;4.6;4.6;7.6;12.5;16.2;17.9;18.8;32.5;31.5;30.2;27.8;25.4;22.5;22.8;25.7;29.6;31.0;31.5;32.3;113.6;88.6;66.1;32.5;10.7;4.5;0.4;3.4;18.7;44.4;80.2;89.1;4;3;2;1;0;0;0;0;1;1;2;3;0;0;0;0;0;0;0;0;0;0;0;0
Mali;Gao;409;176;14.8;17.0;20.8;24.7;28.2;28.8;26.6;25.4;26.0;24.9;19.9;15.8;30.8;33.8;37.2;40.7;42.5;41.5;38.5;36.6;38.4;39.3;35.8;31.4;0.0;0.1;0.3;1.7;7.7;22.8;63.6;84.2;33.5;4.8;0.0;0.1;0.1;0.1;0.3;0.3;1.3;3.9;7.9;8.4;5.2;0.9;0.0;0.1;0;0;0;0;0;0;0;0;0;0;0;0
Poland;Gdansk;455;84;-3.4;-3;-0.5;2.7;7.4;11;13.3;13.1;9.7;5.8;1.5;-1.6;1.4;2.1;5.5;10.1;15.6;19;21;21.3;16.9;12;6;2.9;24.6;17.9;22.4;29.5;48.9;63.5;66.7;55.8;54.9;47.4;42;33.7;15;13;13;11;12;13;13;12;14;14;16;16;1;3;4;5;7;9;8;7;6;3;2;1
Switzerland;Geneva;424;105;-1.9;-0.9;0.8;4.1;8.0;11.3;13.3;13.0;10.3;6.6;2.1;-0.5;3.7;5.9;9.8;13.9;18.4;22.2;25.3;24.4;20.8;14.9;8.4;4.5;69;70;68;56;66;77;58;68;70;66;79;75;10;9;10;9;11;10;8;9;8;8;10;10;0;0;0;0;0;0;0;0;0;0;0;0
India;Goa;589;179;19.6;20.5;23.2;25.6;26.3;24.7;24.1;24.0;23.8;23.8;22.3;20.6;31.6;31.5;32.0;33.0;33.0;30.3;28.9;28.8;29.5;31.6;32.8;32.4;0.2;0.1;1.2;11.8;112.7;868.2;994.8;518.7;251.9;124.8;30.9;16.7;0.0;0.0;0.1;0.8;4.2;21.9;27.2;13.3;13.5;6.2;2.5;0.4;0;0;0;0;0;0;0;0;0;0;0;0
Guatemala;Guatemala;190;180;11.8;12.3;13.7;14.2;15.8;16;15.5;15.2;15.7;15.3;14;12.5;22.6;25.2;27.3;28;28.8;27.3;25.8;26.1;25.9;24.4;23.3;22.2;3;3;8;22;134;263;208;188;252;144;25;9;0;0;0;0;0;0;0;0;0;0;0;0;6.9;7.4;6.1;6.9;5.2;3.9;6;5.4;4.8;4.2;6.8;8
Germany;Hamburg;434;86;-2.2;-1.8;0.4;3;7.2;10.4;12.2;11.9;9.4;6.3;2.5;-0.7;2.7;3.8;7.2;11.9;17;20.2;21.4;21.6;18;13.3;7.6;4;61.2;41.3;56.4;51;57.3;74.4;81.9;70;70.2;63.1;71.1;72.3;12;9;11;10;10;11;12;11;11;10;12;12;2;2;4;6;7;8;7;7;6;3;1;1
Vietnam;Hanoi;668;165;13.7;15;18.1;21.4;24.3;25.8;26.1;25.7;24.7;21.9;18.5;15.3;19.3;19.9;22.8;27;31.5;32.6;32.9;31.9;30.9;28.6;25.2;21.8;18.6;26.2;43.8;90.1;188.5;239.9;288.2;318;265.4;130.7;43.4;23.4;8.4;11.3;15;13.3;14.2;14.7;15.7;16.7;13.7;9;6.5;6;1;1;1;2;4;5;5;4;4;4;3;2
Zimbabwe;Harare;485;260;15.8;15.7;14.5;12.5;9.3;6.8;6.5;8.5;11.7;14.5;15.5;15.8;26.2;26.0;26.2;25.6;23.8;21.8;21.6;24.1;28.4;28.8;27.6;26.3;190.8;176.3;99.1;37.2;7.4;1.8;2.3;2.9;6.5;40.4;93.2;182.7;17;14;10;5;2;1;0;1;1;5;10;16;0;0;0;0;0;0;0;0;0;0;0;0
Cuba;Havana;209;160;18.6;18.6;19.7;20.9;22.4;23.4;23.8;24.1;23.8;23;21.3;19.5;25.8;26.1;27.6;28.6;29.8;30.5;31.3;31.6;31;29.2;27.7;26.5;64.4;68.6;46.2;53.7;98;182.3;105.6;99.6;144.4;180.5;88.3;57.6;5;5;3;3;6;10;7;9;10;11;6;5;6;6;7;7;8;6;6;6;5;5;5;5
Finland;Helsinki;468;70;-8.5;-9.3;-5.6;-0.7;4.4;9.3;11.8;10.7;6.1;2.2;-2.4;-6.6;-2.6;-2.9;1.1;7.5;15.5;19.8;21.8;19.9;14;8.1;2.5;-0.8;43.9;34;35.3;35.7;35.1;49.2;68.8;77.7;69.4;74.5;69.2;57;10;8;8;7;6;8;9;11;11;11;12;12;1;3;4;6;9;10;9;8;5;3;1;1
Vietnam;Ho Chi Minh;669;190;21.1;22.5;24.4;25.8;25.2;24.6;24.3;24.3;24.4;23.9;22.8;21.4;31.6;32.9;33.9;34.6;34;32.4;32;31.8;31.3;31.2;31;30.8;13.8;4.1;10.5;50.4;218.4;311.7;293.7;269.8;327.1;266.7;116.5;48.3;2.4;1;1.9;5.4;17.8;19;22.9;22.4;23.1;20.9;12.1;6.7;5;6;5;6;4;4;4;5;5;4;4;4
China;Hong Kong;690;161;13.6;13.9;16.5;20.2;23.9;25.9;26.6;26.3;25.5;23.1;19.2;15.4;18.6;18.6;21.3;24.9;28.7;30.3;31.5;31.3;30.3;27.9;24.2;20.5;23.4;48;66.9;161.5;316.7;376;323.5;391.4;299.7;144.8;35.1;27.3;5.6;8.9;10.1;11.1;14.9;19.2;17.5;17.3;14.4;8.6;5.9;3.9;5;4;3;4;5;5;8;6;6;7;7;6
USA;Honolulu;26;164;18.7;18.6;19.6;20.4;21.3;22.3;23.1;23.4;23.1;22.4;21.3;19.4;26.7;26.9;27.6;28.2;29.3;30.3;30.8;31.5;31.4;30.5;28.9;27.3;90.2;56.1;55.9;39.1;28.7;12.7;15;11.2;19.8;57.9;76.2;96.5;7;5.2;6;5.2;3.3;2.1;2.9;2.6;3.5;4.6;6.1;6.9;7;8;9;9;10;10;11;11;9;8;6;7
USA;Houston;177;145;4.3;5.9;10.0;14.5;18.0;21.4;22.4;22.2;19.9;14.2;9.8;5.7;16.1;18.5;21.7;25.8;29.2;32.3;33.7;33.6;31.3;27.6;22.4;18.2;83.6;75.2;74.2;81.5;133.1;126.0;91.4;88.6;124.2;108.5;96.3;87.6;7.9;5.9;6.8;5.0;6.9;7.3;7.5;6.9;7.5;6.1;6.8;6.8;0;0;0;0;0;0;0;0;0;0;0;0
Thailand;HuaHin;653;187;21.8;22.9;24.2;25.5;25.8;25.7;25.2;25.2;24.7;24.3;23.6;22;29.8;31.1;32.4;33.6;33.6;33.3;33;32.9;32.2;31;29.9;29.2;9.9;19;43.6;39.7;101;78.1;100.2;82.4;120.7;236;146.9;11.4;1.3;1.6;2.6;4.1;12.5;14.4;15.8;16;16.1;16.6;8.3;1.4;0;0;0;0;0;0;0;0;0;0;0;0
Brasil;Iguacu;277;277;20.4;20.1;18.7;16.8;13.1;10.7;10.7;12.1;13.1;15.9;18;19.2;31.8;31;30.6;27;23.7;20.7;22;24;25.3;28.4;30.2;31.4;172.6;174.6;114.8;199.9;184.3;154.4;131.3;124.4;137.2;182;209.5;134.6;11;12;8;10;10;9;8;8;9;10;11;10;6;6;5;5;5;5;5;4;4;5;7;7
Austria;Innsbruck;440;101;-5.2;-3.7;0.2;3.4;7.8;10.8;12.8;12.7;9.3;4.8;-0.5;-4.2;3.5;6.3;11.3;14.8;20.3;22.6;24.7;24.4;20.8;15.8;8.2;3.7;43.9;41.4;55.9;57.7;87.1;110.3;137.2;111.3;78.1;57.3;63.2;53.1;7.4;7.3;8.8;9.7;10.7;13.2;13.9;12.6;9.2;7.8;9;8.6;2;4;5;5;6;6;7;6;6;5;3;2
Canada;Iqaluit;246;54;-30.6;-32.2;-28.6;-19.6;-7.8;0.3;3.7;3.3;-0.4;-7.7;-16.7;-26.9;-22.5;-23.8;-18.8;-9.9;-0.9;6.8;11.6;10.3;4.7;-2.0;-8.9;-18.5;21.1;15.0;21.8;28.2;26.9;35.0;59.4;65.7;55.0;36.7;29.1;18.2;11.9;10.6;12.0;12.5;12.2;10.5;13.2;15.0;15.3;15.4;14.3;11.8;0;0;0;0;0;0;0;0;0;0;0;0
Peru;Iquitos;231;226;21.9;22;22.1;22;21.9;21.6;20.8;21;21.3;21.8;22.1;22.1;31.2;31.5;30.9;30.6;30.1;30;29.9;31.2;31.6;31.7;31.6;31.3;266.1;210.1;316.6;292.1;292.1;189.7;187.3;173.8;209.5;254.2;286.9;301.2;0;0;0;0;0;0;0;0;0;0;0;0;0;0;0;0;0;0;0;0;0;0;0;0
Jordania;Irbid;497;138;4.9;5.4;7.3;10.6;14.1;17.4;19.2;19.6;18.2;15.1;10;6.4;12.9;14.1;16.9;22.1;26.9;29.9;31.1;31.3;29.8;26.6;20.6;15;111.6;92.3;87.5;25.7;6.7;0.6;0;0;0.7;13.2;50.4;82.9;11.3;10.6;9.4;4.6;2;0.2;0;0;0.2;3.2;6;9.6;0;0;0;0;0;0;0;0;0;0;0;0
Russia;Irkutsk;666;88;-23.1;-22.1;-13.4;-4;2.6;8.4;12;10;3.6;-3.5;-13;-20.2;-13.5;-9.8;-0.6;8.2;17.1;22.6;24.1;21.6;15.5;6.9;-3.3;-11;12;9;13;19;33;62;120;86;50;30;18;19;4;3;3;5;7;8;11;10;8;6;6;5;3;5;7;7;8;8;8;7;6;5;3;2
Pakistan;Islamabad;587;132;2.6;5.1;9.9;15.0;19.7;23.7;24.3;23.5;20.6;13.9;7.5;3.4;17.7;19.1;23.9;30.1;35.3;38.7;35.0;33.4;33.5;30.9;25.4;19.7;56.1;73.5;89.9;61.8;39.2;62.2;267.0;309.9;98.2;29.3;17.8;37.3;0;0;0;0;0;0;0;0;0;0;0;0;0;0;0;0;0;0;0;0;0;0;0;0
Turkey;Istambul;479;117;2.9;2.8;3.9;7.7;12;16;18.5;18.7;15.5;12;8.5;5.3;8.7;9.1;11.2;16.5;21.4;26;28.4;28.5;25;20.1;15.3;11.1;87.3;71.3;63.2;44.9;32.6;25.3;23.7;23.6;44.3;70.7;84.7;106.7;17.7;15.3;13.6;10.3;7.8;5.3;3.6;4;6.1;10.3;12.9;16.9;3;4;4;6;9;11;12;11;8;6;4;3
India;Jaisalmer;584;153;7.6;10.5;16.4;21.9;25.6;27.0;26.5;25.4;24.2;20.2;13.4;8.5;23.7;27.1;32.6;38.2;41.6;40.8;37.7;36.0;36.4;36.1;31.0;25.5;1.5;3.0;2.7;21.0;8.9;15.1;60.1;75.8;17.6;2.4;1.5;2.4;0;0;0;0;0;0;0;0;0;0;0;0;0;0;0;0;0;0;0;0;0;0;0;0
Indonesia;Jakarta;670;231;24.2;24.3;25.2;25.1;25.4;24.8;25.1;24.9;25.5;25.5;24.9;24.9;29.9;30.3;31.5;32.5;32.5;31.4;32.3;32;33;32.7;31.3;32;384.7;309.8;100.3;257.8;133.4;83.1;30.8;34.2;29;33.1;175;84;26;20;15;18;13;17;5;24;6;9;22;12;5;5;6;7;7;7;7;8;8;7;6;5
Russia;Jakutsk;733;54;-44.5;-40.9;-29.3;-13.3;0.0;8.2;11.6;8.4;0.3;-13.4;-33.8;-42.5;-37.4;-30.4;-13.3;0.6;12.6;21.6;25.0;21.3;11.5;-4.0;-24.9;-35.3;9;7;6;10;18;37;39;37;29;20;16;12;2;2;2;3;4;7;7;6;5;6;6;4;0;0;0;0;0;0;0;0;0;0;0;0
South Korea;Jeju;718;136;3.0;3.1;5.6;9.8;13.9;18.2;23.0;23.8;19.7;14.5;9.4;5.0;8.3;8.9;12.2;17.3;21.3;24.7;28.8;29.5;25.6;21.1;15.8;10.9;63.0;66.9;83.5;92.1;88.2;189.8;232.3;258.0;188.2;78.9;71.2;44.8;12.4;11.3;10.9;10.5;9.8;12.4;12.1;12.5;10.5;7.5;10.0;10.7;0;0;0;0;0;0;0;0;0;0;0;0
South Africa;Johanesburg;478;278;14.7;14.1;13.1;10.3;7.2;4.1;4.1;6.2;9.3;11.2;12.7;13.9;25.6;25.1;24;21.1;18.9;16;16.7;19.4;22.8;23.8;24.2;25.2;125;90;91;54;13;9;4;6;27;72;117;105;15.9;11.2;11.9;8.6;2.9;2;1;2.1;3.7;9.8;15.2;14.9;8;8;8;8;9;9;9;10;10;9;8;8
India;Kalkuta;624;161;13.9;16.9;21.7;25.1;26.4;26.5;26.1;26.1;25.8;24;18.9;14.3;26.6;29.7;34;36.3;36;34.1;32.2;32;32.2;31.9;29.8;27;16.8;22.9;32.8;47.7;101.7;259.9;331.8;328.8;295.9;151.3;17.2;7.4;0.9;1.5;2.3;3;5.9;12.3;16.8;17.2;13.4;7.4;1.1;0.4;8;9;9;9;8;5;4;4;5;7;8;8
Uganda;Kampala;488;215;17.9;18.3;18.2;18.1;17.9;17.7;17.2;17.0;17.2;17.5;17.5;17.8;28.5;29.3;28.7;27.7;27.2;26.9;26.7;27.2;27.9;27.7;27.4;28.0;71.0;54.0;119.0;174.0;124.0;66.0;56.0;91.0;106.0;126.0;152.0;86.0;7;8;12;16;13;8;7;9;11;15;14;10;0;0;0;0;0;0;0;0;0;0;0;0
Pakistan;Karachi;573;154;14.1;15.9;20.3;23.7;26.1;27.9;27.4;26.2;25.3;23.5;20;15.7;25.6;26.4;28.8;30.6;32.3;33.3;32.2;30.8;30.7;31.6;30.5;27.3;3.6;6.4;8.3;4.9;0;3.9;66.4;44.8;22.8;0.3;1.7;4.5;1;1;1;0.2;0.1;1;2;2;1;0.1;0.3;1;9;9;9;10;10;8;4;5;7;9;9;9
Nepal;Kathmandu;616;148;2.1;3.8;7.5;11.3;15.5;19;20;19.7;18.2;13;7.4;3;18;20.2;24.3;27.4;28.2;28.3;27.7;28;27.2;25.8;22.7;19.4;14.2;16.7;31.2;54.4;114.2;256.4;359.6;314.2;183.1;59.4;7.5;14.2;2;3;4;6;12;17;23;22;15;4;1;1;6;6;8;6;5;2;2;3;5;10;10;9
Ruanda;Kigali;483;221;0;0;0;0;0;0;0;0;0;0;0;0;0;0;0;0;0;0;0;0;0;0;0;0;69;100;106;183;92;20;9;34;86;102;127;100;0;0;0;0;0;0;0;0;0;0;0;0;0;0;0;0;0;0;0;0;0;0;0;0
Ukraina;Kijow;486;93;-8.2;-6.8;-2.1;4.8;10.7;13.8;15.1;14.4;10;4.8;0;-4.6;-2.6;-1.1;4.3;13.6;20.5;23.5;24.5;24;19.1;12.3;4.8;0.1;47.7;46;38.9;48.3;52.5;72.5;88;69.2;46.7;35.1;51.3;51.7;16.7;14.2;12.9;11.6;11.8;13.1;13.3;10.8;10.2;9.9;14.8;17.4;1;2;4;6;9;9;10;8;7;5;2;1
Jamajka;Kingston;222;172;21.1;21;21.6;22.6;23.6;24.2;24.3;24.2;24;23.4;22.8;21.8;30.3;30.2;30.7;31.1;31.6;32.1;32.8;32.7;32.1;31.7;31.2;30.6;18;19;20;39;100;74;42;98;114;177;65;47;5;5;5;7;8;7;6;9;11;14;10;6;8;9;9;9;8;8;9;8;8;7;8;8
Thailand;Ko Samui;653;191;24.1;25;25.6;26.1;25.8;25.5;25.1;25.1;24.8;24.4;24.1;23.9;29;29.5;30.7;32.1;32.6;32.2;32;31.9;31.6;30.5;29.5;29.1;137.8;57.8;77.8;76.6;146.5;112.7;122.8;118.7;116.8;290.2;489.6;209.1;11;5.5;5;8.1;14.8;14.5;14.4;15;15.9;19.7;19.6;14;8;9.2;8.7;8.2;6.8;6.1;6.1;6.1;5.6;5.2;5.1;6.1
Malaysia;Kota Bharu;659;201;22.7;22.8;23.3;24;24.4;24;23.6;23.5;23.4;23.5;23.4;23.3;29.3;30.2;31.3;32.5;32.9;32.5;32.1;32;31.7;31.1;29.6;28.9;137.9;59.6;100;87;110.6;127.2;152.7;166.9;190;281.8;663;570.3;12;7;8;8;11;11;13;15;16;19;22;21;7;8;9;9;8;7;7;7;7;6;5;5
Malaysia;Kota Kinabalu;693;201;22.8;23;23.4;24.1;24.3;23.9;23.7;23.7;23.7;23.6;23.5;23.3;30.2;30.6;31.4;32.1;32;31.7;31.4;31.5;31.3;31.1;30.9;30.8;121.5;64.6;64.3;118.5;220.7;292.9;278.1;272.3;301.7;339.7;298.4;231.8;12;9;8;11;16;16;17;16;18;20;19;17;6;7;8;8;7;7;7;6;6;6;6;6
Poland;Krakow;457;93;-5.5;-4.2;-0.9;3.1;8;11.1;12.7;12.3;8.8;4.3;-0.2;-3.5;1;2.9;7.8;13.5;19.2;21.7;23.4;23.4;18.5;13.5;6.4;2.4;34.7;29.7;35.1;50.1;73.7;94;81.3;76.2;59.9;49.4;40.3;37.9;15;14;14;14;14;15;15;13;12;12;15;16;2;2;4;5;7;7;7;6;5;3;2;1
Malaysia;Kuala Lumpur;658;208;22.5;22.5;23.1;23.6;23.7;23.3;22.9;22.9;22.9;23.1;23;22.6;32.3;33.5;33.4;33.7;33.3;33.2;32.8;32.7;32.3;32.3;31.9;31.6;165;196.7;245.9;302.2;239.5;157;134.2;189.5;238.4;278.5;333.8;249.4;16;15;18;21;19;14;13;15;15;18;23;20;6;7;7;7;7;6;6;6;5;5;5;5
Malaysia;Kuala Terengganu;661;203;22;23;23;23;24;23;23;23;23;23;23;23;28;29;30;31;32;32;31;31;31;30;29;26;174;99;109;101;103;108;110;141;184;266;643;559;0;0;0;0;0;0;0;0;0;0;0;0;7;7;8;8;8;7;7;7;6;6;5;4
Malaysia;Kuantan;662;206;21.9;22;22.6;23.2;23.5;23.3;22.9;22.9;22.9;22.9;22.8;22.4;29.5;30.8;31.7;32.7;33.1;32.8;32.5;32.5;32.3;32;30.4;29;312.6;150.3;172.5;162.7;185.3;159.2;152.2;182.7;221.6;269.1;365.1;598.7;16;12;12;13;15;12;13;15;17;20;22;22;0;0;0;0;0;0;0;0;0;0;0;0
Kuwejt;Kuwait;526;145;7.2;9.1;13.2;18.4;24.1;27.5;29.3;28.5;24.6;19.7;13.8;8.6;18;20.7;25.6;31.5;38.5;43.5;43.6;44.6;42;35.3;26.6;19.8;25.5;15.5;13.3;14.8;3.8;0;0;0;0;3.3;13.8;17.3;2;2;2;0.9;0.3;0;0;0;0;0;1;3;8;9;9;8;10;10;10;11;10;10;8;7
Nigeria;Lagos;420;202;22.3;23.5;23.8;23.6;23.1;22.6;22.1;21.7;21.9;22.3;22.6;22.4;32.2;33.1;32.7;32.1;30.9;29.2;28.1;28.1;28.9;30.4;31;31.9;14.3;42;77.1;142.4;204.8;312.2;256.9;112.4;167.1;135.8;54;19;1.5;2.7;6.4;8.9;12.4;16.2;13.2;11.6;12.7;10.9;4.9;1.4;6;7;6;6;6;4;3;3;3;5;7;7
Ethiopia;Lalibela;504;188;11;13;13;14;14;14;13;12;12;12;11;11;25;26;27;26;26;25;20;20;23;24;25;24;17;23;50;66;52;43;240;260;83;26;15;19;2;3;7;8;7;6;23;22;8;3;2;1;0;0;0;0;0;0;0;0;0;0;0;0
Bolivia;La Paz;245;257;0;0;0;0;0;0;0;0;0;0;0;0;0;0;0;0;0;0;0;0;0;0;0;0;0;0;0;0;0;0;0;0;0;0;0;0;0;0;0;0;0;0;0;0;0;0;0;0;5;6;5;6;8;8;8;8;7;7;6;6
Spain;Las Palmas;373;147;14.7;14.9;15.4;15.7;17;18.7;20.4;21.2;21.2;19.7;17.9;15.7;20.6;21;21.8;22.1;23.1;24.7;26.5;27.1;27.1;25.8;23.8;21.8;18;24;14;7;2;0;0;0;10;13;18;27;5;4;4;3;1;0;0;0;2;3;5;6;6;6;7;8;8;9;9;9;8;7;6;6
USA;Las Vegas;131;129;0.9;3.8;6.6;10.4;15.7;20.8;24.6;23.4;19;12.4;5.9;1.1;14.1;17.4;20.4;25.3;31;37.9;41.1;39.6;34.8;27.8;19.7;14.1;12;12;11;6;7;3;9;12;8;5;12;10;0;0;0;0;0;0;0;0;0;0;0;0;7.9;8.7;10.2;11.5;12.5;13.4;12.6;11.9;11.2;9.8;8.2;7.6
Martyniq;Le Lamentin;261;181;21.4;21.3;21.5;22.2;23.4;24.3;24.3;24;23.3;23;22.7;21.9;28.3;28.4;28.8;29.5;30.1;30.2;30.2;30.5;30.7;30.5;29.9;28.9;120.5;89.1;87.7;95.5;123.2;169.6;203.9;251.7;236;270.2;224.3;158.6;18.4;14.4;14;12.2;14.7;17.4;20.2;20.6;19.3;19.8;17.5;17.7;0;0;0;0;0;0;0;0;0;0;0;0
China;Lhasa;630;142;-10.1;-6.8;-3;0.9;5;9.3;10.1;9.4;7.5;1.3;-4.9;-9;6.9;9;12.1;15.6;19.3;22.7;22.1;21.1;19.7;16.3;11.2;7.7;0.5;0.7;2;5.2;26.6;72.3;119.4;122.6;58.3;10.2;1.7;1;0.2;0.2;0.5;1.3;5.3;9.6;14.8;15.3;10;2.3;0.4;0.2;6;6;8;6;5;2;2;3;5;10;10;9
Peru;Lima;222;245;19.1;19.4;19.2;17.6;16.1;15.3;15;14.6;14.6;15.2;16.4;17.7;25.8;26.5;26;24.3;21.7;19.7;18.7;18.4;18.7;19.9;21.9;23.9;0.9;0.3;4.9;0;0.1;0.3;0.3;0.3;5.4;0.2;0;0.3;0.5;0.1;0.1;0.2;0.8;1;1;2;1;0.2;0.2;0.1;6;7;7;7;4;1;1;1;1;3;4;5
Portugal;Lizbona;388;121;8.2;9;9.9;11.1;13;15.6;17.4;17.7;17;14.6;11.2;8.9;14.5;15.6;17.6;19.1;21.7;24.8;27.4;27.9;26.4;22.4;17.8;14.8;109.6;110.8;68.9;64;38.6;21.2;4.8;5.7;25.7;80.3;113.5;107.6;15;15;13;12;8;5;2;2;6;11;14;14;5;7;7;9;10;11;12;12;9;7;6;5
Słowenia;Ljubljana;446;104;-2.8;-1.9;1.4;4.9;9.5;12.7;14.6;14.4;11;6.7;1.7;-1.7;3;6.2;11.2;13.5;20.8;23.9;26.5;26.2;21.5;15.3;7.9;3.4;71;71;87;103;113;154;117;134;131;147;137;103;12;10;12;14;15;16;13;12;12;13;14;13;2;3;4;5;6;7;8;7;5;3;1;1
Indonesia;Lombok;694;238;22.1;21.8;22.9;22.8;22.8;22.2;22.3;22.4;21.9;22.3;22.6;24.0;32.3;32.2;31.6;31.5;30.2;29.4;28.5;28.9;29.9;31.4;32.5;33.1;280;223;162;108;94;44;29;19;33;110;165;247;21;18;14;16;9;7;5;2;4;11;13;20;0;0;0;0;0;0;0;0;0;0;0;0
UK;London;409;89;2.4;2.5;3.8;5.6;8.7;11.6;13.7;13.4;11.4;8.9;5.1;3.4;7.2;7.6;10.3;13;17;20.3;22.3;21.9;19.1;15.2;10.4;8.2;53;36;48;47;51;50;48;54;53;57;57;57;14.8;10.8;13.4;12.7;12.5;10.5;10.1;10.9;10.5;11.6;14;13.2;1;2;4;5;6;7;6;6;5;3;2;1
USA;Los Angeles;122;133;8.8;9.6;10.3;11.6;13.5;15.3;17.1;17.9;17.3;15.1;11.6;8.8;18.7;18.8;18.6;19.7;20.6;22.2;24.1;24.8;24.8;23.6;21.3;18.8;61;63.8;50.3;18.3;3.6;0.8;0.3;3.8;7.9;8.6;44.7;42.2;4.5;4.6;4.9;2.5;0.6;0.2;0.2;0.4;1;1.4;3.1;3.8;7;8;9;9;9;10;12;11;10;9;8;8
Lao;Luang Prabang;658;167;14.2;15.1;17.9;21.3;23.4;24.3;24;23.6;22.9;21;17.9;14.4;27.7;30.9;33.5;34.6;33.8;32.5;31.6;31.4;31.7;30.9;28.8;26.5;13.5;16.1;33.7;94.1;149.2;177.3;223.8;226.5;165.8;107;28.2;13;1;3;4;9;15;15;19;20;14;9;4;1;5;6;6;5;5;5;4;4;6;7;5;4
Lao;Luangphrabang;659;169;14.2;15.1;17.9;21.3;23.4;24.3;24.0;23.6;22.9;21.0;17.9;14.4;27.7;30.9;33.5;34.6;33.8;32.5;31.6;31.4;31.7;30.9;28.8;26.5;13.5;16.1;33.7;94.1;149.2;177.3;223.8;226.5;165.8;107.0;28.2;13.0;1;3;4;9;15;15;19;20;14;9;4;1;0;0;0;0;0;0;0;0;0;0;0;0
Switzerland;Lugano;432;105;0.1;1.3;3.9;7.2;11.0;14.2;16.7;16.0;13.3;9.1;4.4;1.0;6.1;7.8;11.6;15.1;18.9;22.9;25.8;24.7;21.4;16.5;10.6;7.1;76;71;106;152;194;171;133;166;153;140;120;63;6;7;8;10;13;11;9;10;8;8;8;6;0;0;0;0;0;0;0;0;0;0;0;0
Malta;Luqa Malta;445;129;9.2;9.3;10.1;11.9;14.9;18.4;21;21.8;20.1;17.1;13.9;11;15.2;15.5;16.7;19.1;23.3;27.5;30.7;30.7;28;24.2;20.1;16.7;89;61.3;40.9;22.5;6.6;3.2;0.4;7;40.4;89.7;80;112.3;13.7;10.9;8.9;6.4;2.8;1.1;0.4;1;3.9;10.2;10.6;14.2;0;0;0;0;0;0;0;0;0;0;0;0
Zambia;Lusaka;478;253;17.1;16.9;16.6;15.0;12.8;10.2;10.0;12.1;15.3;17.3;17.9;17.3;26.4;26.3;26.6;26.2;24.7;22.9;22.7;25.4;29.1;30.5;29.6;26.8;218.9;185.9;110.9;39.7;2.5;0.3;0.0;0.0;1.0;14.1;79.6;189.8;17;15;11;2;0;0;0;0;0;2;8;15;0;0;0;0;0;0;0;0;0;0;0;0
Egypt;Luxor;488;155;5.7;7.1;11.0;16.0;20.4;22.8;23.9;23.5;21.6;17.8;12.0;7.5;22.9;25.2;29.3;35.0;38.9;41.1;40.9;40.6;38.8;35.3;29.4;24.4;0.1;0.1;0.3;0.1;0.3;0.0;0.0;0.01;0.3;1.2;0.2;0.04;0.1;0.07;0.1;0.01;0.2;0.0;0.0;0.01;0.03;0.3;0.07;0.05;0;0;0;0;0;0;0;0;0;0;0;0
China;Macao;686;162;12.2;13.1;16.2;20.2;23.6;25.7;26.3;26;24.9;22.3;17.8;13.8;17.7;17.7;20.7;24.5;28.1;30.3;31.5;31.2;30;27.4;23.4;19.6;32.4;58.8;82.5;217.4;361.9;339.7;289.8;351.6;194.1;116.9;42.6;35.2;6;10;12;12;15;17;16;16;13;7;5;4;0;0;0;0;0;0;0;0;0;0;0;0
Spain;Madrid;401;118;2.6;3.7;5.6;7.2;10.7;15.1;18.4;18.2;15;10.2;6;3.8;9.7;12;15.7;17.5;21.4;26.9;31.2;30.7;26;19;13.4;10.1;37;35;26;47;52;25;15;10;28;49;56;56;9;9;7;11;12;7;3;3;5;9;9;11;5;6;6;8;9;11;12;11;9;6;5;5
Spain;Malaga;399;126;7.3;7.9;9;10.4;13.4;17.1;19.7;20.5;18.2;14.3;10.8;8.4;16.6;17.7;19.1;20.9;23.8;27.3;29.9;30.3;27.9;23.7;19.9;17.4;81;55;49;41;25;12;2;6;16;56;95;88;8;6;6;7;5;2;1;1;2;6;7;8;0;0;0;0;0;0;0;0;0;0;0;0
Malediwy;Male;587;203;25.7;25.9;26.4;26.8;26.3;26;25.8;25.5;25.3;25.4;25.2;25.4;30.3;30.7;31.4;31.6;31.2;30.6;30.5;30.4;30.2;30.2;30.1;30.1;114.2;38.1;73.9;122.5;218.9;167.3;149.9;175.5;199;194.2;231.1;216.8;6;3;5;9;15;13;12;13;15;15;13;12;0;0;0;0;0;0;0;0;0;0;0;0
Sweden;Malmo;443;80;-3;-3;-1;2;7;11;13;12;10;7;3;-1;2;2;5;10;16;20;21;21;17;12;7;4;49;30;40;38;41;52;61;58;59;57;61;58;17;13;14;12;12;12;14;13;14;15;17;16;0;0;0;0;0;0;0;0;0;0;0;0
Indonesia;Manado;714;213;21.8;22.0;21.8;21.6;22.0;22.5;21.5;21.0;20.8;21.7;22.7;22.8;30.1;30.1;30.0;31.3;31.3;31.3;31.5;33.4;32.2;31.5;31.9;30.1;426;382;327;283;253;236;131;134;174;198;277;364;26;22;23;18;22;19;10;11;19;15;20;23;0;0;0;0;0;0;0;0;0;0;0;0
Brasil;Manaus;263;224;23.1;23.1;23.2;23.3;23.3;23;22.7;23;23.5;23.7;23.7;23.5;30.5;30.4;30.6;30.7;30.8;31;31.3;32.6;32.9;32.8;32.1;31.3;260.1;288.3;313.5;300.1;256.3;113.6;87.5;57.9;83.3;125.7;183;216.9;21;20;21;20;19;12;10;7;9;11;12;18;4;4;4;4;5;7;8;8;8;7;6;5
UK;Manchester;405;86;1.3;1.2;2.5;4.3;7.3;10.2;12;11.9;10;7.5;3.6;2;6.4;6.6;8.9;11.6;15.3;18.2;19.6;19.5;17;13.7;9.1;7.1;69;50;61;51;61;67;65;79;74;77;78;78;18.2;13.1;15.6;14.4;15.1;14.4;13.6;15;15;16.5;17;17.4;0;0;0;0;0;0;0;0;0;0;0;0
Filipiny;Manila;706;182;23.5;23.8;24.9;26.2;26.7;26.2;25.8;25.5;25.5;25.5;24.9;23.9;29.5;30.5;32.1;33.5;33.2;32.2;31.1;30.6;30.9;30.9;30.7;29.7;19;7.9;11.1;21.4;165.2;265;419.6;486.1;330.3;270.9;129.3;75.4;6;6;3;4;4;12;17;24;23;22;19;14;6;6;7;7;9;7;5;4;4;4;5;5
Mozambique;Maputo;489;279;22.3;22.3;21.5;19.4;16.8;14.4;14.2;15.4;17.2;18.3;19.7;21.4;29.9;29.6;29.3;27.8;26.4;24.6;24.4;25.3;26.1;26.5;27.4;29.1;171.1;130.5;105.6;56.5;31.9;17.6;19.6;15.0;44.4;54.7;81.7;85.0;8.1;7.6;7.0;4.4;2.8;2.4;1.8;2.2;3.2;5.5;7.9;7.5;0;0;0;0;0;0;0;0;0;0;0;0
Venezuela;Maracaibo;236;191;21.2;21.6;22.8;23.8;23.6;23.7;23.9;23.2;22.7;22.5;22.9;21.6;34.6;34.7;35.4;36.1;34.9;35.1;35.6;35.6;35.6;34.1;34.0;34.3;5.1;2.7;5.9;52.1;66.8;55.4;26.5;60.0;104.0;114.4;70.6;16.9;1;1;1;6;9;8;6;9;12;13;8;3;0;0;0;0;0;0;0;0;0;0;0;0
Maroko;Marakesz;390;140;5.2;8.7;12.1;10.8;14.7;19.1;20.1;21.3;18.7;13.4;9.7;8.4;17.4;24.9;26.3;23.5;28.2;36.4;37.9;36.9;32.9;26;22.4;20.7;16.2;0;0;29.4;15.5;0.1;0;0;7;12.3;6.8;33.4;2;0;0;4;3;1;0;0;0;4;1;7;7;7;8;9;9;11;11;11;10;8;7;7
Venezuela;Margarita;254;189;22.2;21.9;22.3;23.3;24.0;23.7;23.4;24.3;24.6;24.6;23.9;23.0;31.0;31.8;32.9;33.3;33.8;32.9;32.6;34.5;34.0;34.2;32.9;31.9;36.5;28.7;7.7;12.9;11.9;34.5;51.6;61.3;34.8;37.3;62.7;68.9;10;8;5;3;4;9;12;10;6;7;11;13;0;0;0;0;0;0;0;0;0;0;0;0
France;Marseille;423;110;3;3.9;6;8.5;12.6;16;18.7;18.7;15.5;11.6;6.8;4.1;11.2;12.6;15.3;17.7;22.2;26.1;29.5;29.2;25.3;20.3;14.7;12;53.6;43.5;40.4;57.9;41.2;25.4;12.6;31.4;60.6;85.4;50.6;52;6.1;5.1;4.8;6.3;4.9;3.5;1.4;3.1;4.1;6.3;5.2;5.6;4;6;6;8;9;10;11;10;8;6;5;4
Botswana;Maun;468;266;19.8;19.6;18.7;15.9;11.0;7.7;7.5;10.3;15.3;19.1;19.8;19.9;32.2;32.1;31.9;30.7;28.4;25.7;25.6;28.8;32.8;34.5;34.0;32.9;109.4;97.0;67.0;24.5;4.9;0.7;0.1;0.4;3.0;15.8;47.0;78.8;4;3;2;1;0;0;0;0;0;1;1;2;0;0;0;0;0;0;0;0;0;0;0;0
Colombia;Medellin;226;201;16.8;17.1;17.3;17.5;17.4;17.1;16.7;16.8;16.7;16.8;17.0;16.8;27.6;27.9;28.0;27.6;27.5;27.9;28.3;28.3;27.7;26.9;27.0;27.1;65;80;126;161;199;158;119;148;178;212;147;94;12;13;17;22;23;19;17;19;22;24;21;15;5.7;5.3;5;4.3;4.5;5.8;6.6;6.2;5.1;4.3;4.5;5
Australia;Melbourne;762;307;14.2;14.5;13.1;10.7;8.6;6.8;5.9;6.6;7.9;9.4;11.1;12.8;25.8;25.8;23.8;20.2;16.6;14;13.4;14.9;17.1;19.6;21.8;24.1;48.4;47.2;51.3;58.3;57.2;50.1;48;50.5;59.1;67.6;59.8;59.3;8.3;7.4;9.3;11.5;14;14.2;15.2;15.7;14.8;14.3;11.8;10.5;8;8;6;5;4;3;4;4;5;6;6;7
Venezuela;Merida;236;198;13.0;13.4;14.2;14.9;15.1;14.9;14.5;14.8;14.7;15.1;14.8;13.0;26.1;27.8;27.1;27.0;26.5;27.1;27.2;26.7;26.7;25.5;25.7;25.8;39.8;48.0;62.9;177.4;236.1;163.8;119.4;151.7;228.8;283.5;194.5;78.8;9;10;12;19;23;22;20;23;23;25;21;13;0;0;0;0;0;0;0;0;0;0;0;0
Mexico;Mexico City;168;168;5.8;7.1;9.2;10.8;11.7;12.2;11.5;11.6;11.5;9.8;7.9;6.6;21.2;22.9;25.7;26.6;26.5;24.6;23;23.3;22.3;22.2;21.8;20.8;11;4.3;10.1;25.9;56;134.8;175.1;169.2;144.8;66.9;12.1;6;2.3;2.1;3.1;7.9;12.7;17.7;23.4;22.8;18.9;9.5;4.4;2.6;7;8;8;8;7;7;6;6;6;6;7;7
USA;Miami;215;153;15.1;15.8;17.9;19.9;22.3;23.9;24.6;24.8;24.4;22.3;19.3;16.4;24;24.7;26.2;28;29.6;30.9;31.7;31.7;31;29.2;26.9;24.8;51.1;52.8;60.7;72.4;157.7;237;144.8;192.5;193.8;143.3;67.6;46.5;5.3;4.6;4.9;4.5;9;13.8;13.3;15;14.2;10.9;7.1;4.5;8;8;9;9;9;9;9;8;7;6;7;7
Italy;Milan;433;106;-1.9;0.1;3.3;7;11.2;15;17.3;16.7;13.5;8.4;3.6;-0.9;4.6;8.2;13.2;17.5;21.9;26.1;28.9;27.7;24.3;18.8;10.2;5.4;64.3;62.6;81.6;82.2;96.5;65.4;68;93;68.5;99.7;101;60.4;7.2;6.7;7.9;8.3;8.1;7.6;5.8;7.1;5.2;6.8;8.5;6.3;2;3;5;6;7;8;9;8;6;4;2;2
Kenia;Mombasa;506;225;23.2;23.6;24.2;23.9;22.7;21.3;20.4;20.3;20.8;22;23.1;23.3;32;32.3;32.6;31.2;29.3;28.4;27.7;27.9;28.8;29.6;30.6;31.6;33;15;56;163;240;80;70;66;72;97;92;75;4;2;5;10;14;10;11;9;9;10;9;7;8;9;9;8;6;8;7;8;9;9;9;9
Jamajka;Montego Bay;220;170;20.7;20.4;20.9;21.9;22.6;23.1;23.5;23.6;23.1;23.1;22.8;21.9;27.9;28.2;28.8;29.5;30.2;30.9;31.3;31.4;31.1;30.4;29.7;28.4;85;69;27;53;100;122;53;95;127;166;110;103;9;8;5;7;12;10;7;10;12;13;11;9;0;0;0;0;0;0;0;0;0;0;0;0
Urugwaj;Montevideo;273;300;18;17.9;16.2;12.9;10.2;7.7;7.2;7.8;9.1;11.5;14.2;16.3;28.4;27.5;25.5;22;18.6;15.1;15;16.2;18;20.5;23.7;26.5;86.8;101.5;104.6;85.5;89;83.1;86.4;88.2;93.9;108.5;89.3;84.4;8;8;8;8;9;9;10;8;8;10;9;8;11;10;9;8;6;5;5;6;7;8;10;10
Russia;Moskwa;496;81;-12.3;-11.1;-5.6;1.7;7.6;11.5;13.5;12;7.1;2.1;-3.3;-8.6;-6.3;-4.2;1.5;10.4;18.4;21.7;23.1;21.5;15.4;8.2;1.1;-3.5;42;36;34;44;51;75;94;77;65;59;58;56;11;8;8;9;8;11;12;10;11;10;12;12;1;3;4;5;8;9;9;8;6;3;1;0
India;Mumbai;587;170;16.4;17.3;20.6;23.7;26.1;25.8;24.8;24.5;24;23.1;20.5;18.2;30.6;31.3;32.7;33.1;33.3;31.9;29.8;29.3;30.1;32.9;33.4;32;0.6;1.5;0.1;0.6;13.2;574.1;868.3;553;306.4;62.9;14.9;5.6;0.1;0.1;0;0.1;1;14.9;24;22;13.7;3.2;1.1;0.4;9;10;9;10;10;5;2;3;5;8;9;9
Germany;Munich;439;97;-4.5;-3.5;-0.6;2.7;6.8;10.1;12;11.7;8.8;4.5;0.2;-3.3;1.9;3.7;8.2;12.6;17.4;20.4;22.7;22.3;19.2;13.7;7;2.9;49.7;47.2;53.8;74.9;107.4;127.8;119.6;118.4;84.1;57.1;62.5;56.4;11;9;10;12;13;14;11;12;9;8;10;11;2;3;5;6;7;8;8;8;6;4;2;2
Russia;Murmansk;490;49;-14.5;-14.1;-9.7;-4.6;0.7;5.6;9.0;7.8;4.3;-1.1;-7.6;-12.2;-7.8;-7.7;-3.2;1.7;7.3;13.9;17.2;14.7;9.5;3.0;-2.4;-6.0;32;22;19;20;30;54;61;66;53;44;42;37;9;7;6;7;7;10;10;11;11;11;10;10;0;0;0;0;0;0;0;0;0;0;0;0
Fiji;Nadi;841;259;22.7;22.9;22.6;21.7;20.1;19.3;18.3;18.4;19.3;20.4;21.5;22.1;31.6;31.5;31.1;30.7;29.7;29.2;28.5;28.7;29.4;30.2;30.9;31.4;299;302;324;163;78;62;46;58;77;103;138;159;18;19;19;12;7;6;5;5;7;9;11;13;0;0;0;0;0;0;0;0;0;0;0;0
Japan;Naha;722;152;14.6;14.8;16.5;19.0;21.8;24.8;26.8;26.6;25.5;23.1;19.9;16.3;19.5;19.8;21.7;24.1;26.7;29.4;31.8;31.5;30.4;27.9;24.6;21.2;107.0;119.7;161.4;165.7;231.6;247.2;141.4;240.5;260.5;152.9;110.2;102.8;10.5;10.2;11.8;10.5;11.5;10.6;8.8;11.8;11.2;8.3;8.5;8.1;0;0;0;0;0;0;0;0;0;0;0;0
Kenia;Nairobi;499;219;11.5;11.6;13.1;14;13.2;11;10.1;10.2;10.5;12.5;13.1;12.6;24.5;25.6;25.6;24.1;22.6;21.5;20.6;21.4;23.7;24.7;23.1;23.4;64.1;56.5;92.8;219.4;176.6;35;17.5;23.5;28.3;55.3;154.2;101;4;5;9;16;13;5;3;4;4;7;15;8;9;9;9;7;6;6;4;4;6;7;7;8
France;Nantes;407;101;2.8;3;4.4;6;9.5;12;14.2;14;11.8;8.9;5.2;3.7;8.7;9.9;12.7;14.9;18.7;21.9;24.7;24.8;21.8;17;12.2;9.5;86;74.9;59.3;58;62.8;41.3;46.6;40.8;68.2;82.8;84.8;92.7;12.4;11.2;10.5;9.6;11.1;7.7;6.8;6.4;8.5;11.3;11.5;12.8;0;0;0;0;0;0;0;0;0;0;0;0
Italy;Naples;446;117;3.8;4.3;5.9;8.3;12.1;15.6;18.0;17.9;15.3;11.6;7.7;5.1;12.5;13.2;15.2;18.2;22.6;26.2;29.3;29.5;26.3;21.8;17.0;13.6;104.4;97.9;85.7;75.5;49.6;34.1;24.3;41.6;80.3;129.7;162.1;121.4;9.9;9.8;9.5;8.8;5.7;4.0;2.3;3.8;5.8;8.1;10.8;10.7;0;0;0;0;0;0;0;0;0;0;0;0
Bahamas;Nassau;223;156;17.1;17.3;17.9;19.3;21.1;23.0;23.7;23.8;23.5;22.3;20.5;18.4;25.6;25.7;26.7;27.9;29.6;31.1;32.0;32.1;31.5;30.0;28.0;26.4;47.2;49.0;54.4;69.3;104.9;218.9;160.5;235.5;163.1;163.1;80.5;50.0;8;6;7;6;10;15;17;19;17;15;10;8;0;0;0;0;0;0;0;0;0;0;0;0
India;New Delhi;597;146;7.3;10.1;15.4;21.5;25.9;28.3;26.6;25.9;24.4;19.5;12.8;8.2;21.1;24.2;30;36.2;39.6;39.3;35.1;33.3;33.9;32.9;28.3;23;20.3;15;15.8;6.7;17.5;54.9;231.5;258.7;127.8;36.3;5;7.8;1.7;1.3;1.2;0.9;1.4;3.6;10;11.3;5.4;1.6;0.1;0.6;7;9;8;9;8;6;6;6;7;9;10;9
USA;New York;230;117;-3.9;-3.2;1.1;6;11.3;16.6;20.1;19.6;15.6;9.6;4.7;-0.8;3.1;4.2;8.9;14.6;19.8;25;28.2;27.7;23.9;18.2;12.1;5.9;80.5;76.7;91.2;99.1;96.5;92.7;96.5;86.6;83.8;73.2;92.7;86.9;8.3;7.6;9;8.6;9.2;8.7;7.8;7.4;6.6;6.1;8.1;8.7;5;6;7;7;8;10;10;9;8;7;6;5
Russia;Niznij Novgorod;520;78;-14.5;-12.6;-6.8;1.6;8.2;12.0;14.4;12.5;7.4;1.2;-4.9;-10.8;-8.3;-6.1;-0.1;9.9;18.1;21.8;23.6;21.6;15.1;6.9;-0.5;-5.4;40;33;28;36;52;64;76;67;57;59;56;50;11;8;7;8;8;10;10;9;10;11;12;12;0;0;0;0;0;0;0;0;0;0;0;0
New Caledonia;Noumea;814;271;23.0;23.2;22.8;21.4;19.8;18.5;17.2;17.2;17.7;19.2;20.7;21.9;28.9;29.0;28.5;26.9;25.2;23.7;22.6;22.8;23.8;25.5;27.0;28.2;112.9;123.1;134.6;110.5;90.6;128.7;73.0;70.1;39.2;53.2;62.9;72.7;14.2;14.2;17.1;15.0;16.8;17.3;15.9;13.1;9.6;9.3;10.3;11.3;0;0;0;0;0;0;0;0;0;0;0;0
Russia;Novosibirsk;607;82;-20.1;-19.1;-11.8;-1.7;5.6;12.3;14.7;11.7;6.4;0.0;-9.1;-16.4;-12.2;-10.3;-2.6;8.1;17.5;24.0;25.7;22.2;16.6;6.8;-2.9;-8.9;20;13;13;24;36;39;64;67;35;37;29;20;6;5;5;6;8;7;8;9;8;9;8;6;0;0;0;0;0;0;0;0;0;0;0;0
Denmark;Nuuk;284;60;-10;-11;-11;-6;-2;1;4;4;1;-3;-6;-9;-5;-5;-5;-1;3;7;10;9;6;1;-1;-4;40;47;49;47;55;62;87;85;89;66;73;54;14;13;15;13;13;11;13;13;14;14;14;14;0;0;0;0;0;0;0;0;0;0;0;0
Japan;Osaka;738;133;2.5 ;2.5;5.2;10.5;15.2;19.8;24;25.1;21.1;15;9.5;4.7;9.3 ;9.6;13.3;19.6;24.2;27.4;31.4;33;28.7;23;17.3;12;43.7 ;58.7;99.5;121.1;139.6;201;155.4;99;174.9;109.3;66.3;37.7;5.3;6.1;9.3;10.1;9.7;11.6;9.6;7.2;10.4;7.9;6.4;5.2;4.5;4.5;5.2;5.9;6.4;5.1;5.9;6.7;5.1;5.1;4.8;4.6
Norway;Oslo;436;69;-6.8;-6.8;-3.3;0.8;6.5;10.6;12.2;11.3;7.5;3.8;-1.5;-5.6;-1.8;-0.9;3.5;9.1;15.8;20.4;21.5;20.1;15.1;9.3;3.2;-0.5;49;36;47;41;53;65;81;89;90;84;73;55;16;12;13;12;13;14;15;16;16;17;15;15;1;3;5;6;8;8;7;6;5;3;1;1
Italy;Palermo;442;124;10.2;10.1;10.9;12.9;16;19.7;22.9;23.6;21.5;17.8;14.3;11.5;14.8;15.1;16.1;18.4;21.8;25.1;28.3;28.8;26.6;22.9;19.3;16;71.6;65.4;59.5;44.1;25.5;12.2;5.1;13.3;41.5;98;94.3;80;9.7;10;8.7;6.1;3.2;1.6;0.8;1.6;4.1;8.3;9.4;10.8;4;5;6;7;8;10;10;9;8;6;6;4
Panama;Panama City;216;195;18.5;18.4;18.4;19.5;21.1;21.3;21.0;20.9;21.0;20.8;20.3;19.2;33.4;34.2;34.8;35.4;34.5;33.8;33.9;33.9;32.9;32.6;32.9;33.3;29.3;10.1;13.1;64.7;225.1;235.0;168.5;219.9;253.9;330.7;252.3;104.6;2.9;1.3;1.4;4.9;15;16;14;15;17;20;16;7.5;0;0;0;0;0;0;0;0;0;0;0;0
France;Paris;415;98;2.5;2.8;5.1;6.8;10.5;13.3;15.5;15.4;12.5;9.2;5.3;3.6;6.9;8.2;11.8;14.7;19;21.8;24.4;24.6;20.8;15.8;10.4;7.8;53.7;43.7;48.5;53;65;54.6;63.1;43;54.7;59.7;51.9;58.7;10.2;9.3;10.4;9.4;10.3;8.6;8;6.9;8.5;9.5;9.7;10.7;2;3;5;6;7;8;8;7;6;5;2;2
Mozambique;Pemba;508;249;23.2;23.1;22.8;22.0;20.3;18.6;18.2;19.6;19.8;21.6;23.0;23.5;30.8;30.9;30.8;30.4;29.5;28.3;27.7;27.8;28.7;29.5;30.4;30.8;146.4;156.0;202.2;122.0;32.4;15.0;11.3;7.9;2.2;11.3;41.6;124.5;11.0;10.4;12.6;9.4;3.2;2.4;1.6;1.2;0.6;1.5;3.6;8.4;0;0;0;0;0;0;0;0;0;0;0;0
Australia;Perth;692;293;16.9;17.4;15.9;13;10.4;9;8.1;8;8.9;10.2;12.6;14.8;31.5;31.8;29.5;25.4;21.5;18.8;17.8;18.3;20.1;22.4;25.6;28.8;9.1;15.3;15.3;41.1;103.8;169.3;162.5;119.5;71.4;46.5;25.4;11.1;2.5;2.8;3.9;7.6;12.9;17.1;17.9;16;13.3;9.5;6.8;4.1;10;10;9;7;6;5;5;6;7;8;10;10
Russia;Petropavlovsk-Kamca;796;89;-10.8;-10.5;-8.1;-3.5;0.6;4.8;8.5;9.7;6.6;1.8;-4.5;-8.4;-6.1;-5.4;-2.8;1.0;5.6;10.6;13.8;15.1;12.4;7.0;0.0;-3.9;81;70;62;54;66;63;80;97;102;139;95;86;9;9;9;8;8;8;10;11;9;10;8;9;0;0;0;0;0;0;0;0;0;0;0;0
Kambodża;Phnom Penh;664;187;21.9;23;24.1;25;25.3;25;24.7;24.6;24.3;23.8;22.7;21.7;31.5;32.8;34.9;34.9;34.3;33.5;32.5;32.5;32.3;31.1;29.9;30.1;25.5;11.5;58;101;111.6;177.1;195.9;172;248.8;318.9;135;80.3;2.8;2.4;5.2;8.6;16.4;16.6;19.6;21.4;19.8;24;11.8;4.8;9;9;9;8;7;6;6;6;5;7;8;9
Thailand;Phuket;649;196;23.9;24.3;24.9;25.3;25.1;25;24.6;24.8;24.2;24.1;24.3;24;32.4;33.3;33.8;33.7;32.5;32.1;31.7;31.7;31.2;31.4;31.3;31.5;23.3;25.8;59;137.8;269.8;236.9;284.1;282.8;386.5;295.9;173.7;61.9;4.2;3;5.8;11.4;19.8;19.2;19.7;19.1;22.8;22.1;16.1;8.3;9.2;9.6;9.1;8.3;6.1;4.7;5.6;5.6;4.8;5.8;6.6;7.9
Portugal;Ponta Delgada;348;125;11.6;11.0;11.6;12.1;13.3;15.4;17.2;18.4;17.8;15.9;13.9;12.6;17.0;16.8;17.3;18.1;19.7;21.8;24.3;25.6;24.7;22.1;19.6;17.9;133.4;107.3;100.4;72.0;53.1;36.7;29.5;38.4;86.4;112.6;130.5;126.8;22;19;18;17;15;14;13;11;16;18;20;21;0;0;0;0;0;0;0;0;0;0;0;0
Mauritius;Port Louis;550;265;24.1;24;23.8;23;21.5;19.9;19.3;19.1;19.4;20.4;21.8;23.2;31.5;31.4;31.5;30.7;29.3;27.6;26.7;26.8;27.7;28.8;30.2;31.1;131;160;83;87;48;24;18;19;17;15;24;85;9;10;8;7;6;4;4;5;3;3;3;6;8;8;7;8;8;7;7;7;8;9;9;9
Vanatu;Port Vila;820;259;23.4;23.6;23.4;22.5;21.3;20.5;19.5;19.3;19.6;20.6;21.7;22.4;30.3;30.2;29.9;28.9;27.7;26.7;25.9;26.1;26.7;27.8;28.9;29.7;295.8;311.8;330.4;215.0;151.2;161.3;102.8;100.5;87.2;116.6;153.7;195.8;20;20;21;18;17;15;14;14;11;13;14;16;0;0;0;0;0;0;0;0;0;0;0;0
Portugal;Porto;389;116;5.1;5.9;6.8;8.3;10.6;13.5;15;14.6;13.9;11.4;7.9;5.9;13.5;14.3;16.2;17.5;19.6;22.7;24.7;25;24;20.9;16.7;13.9;170.8;168.6;111.9;111.8;88.6;53.2;15.6;21.5;64.2;131.4;151.8;175.6;17;16;15;14;13;9;6;5;8;14;15;15;5;6;6;8;9;10;11;10;8;6;5;4
Poland;Poznan;450;89;-3.6;-3.1;-0.2;2.9;7.8;10.9;12.7;12.3;8.9;4.9;0.9;-1.9;1.5;2.9;7.6;13.3;19.3;21.8;23.7;23.7;18.3;12.8;6.1;2.8;29.4;22.9;33;31.3;47.1;61.9;76;55.4;43.6;35;32.8;38.9;16;13;14;11;12;13;13;12;12;12;15;17;2;2;5;6;8;8;7;7;6;4;2;1
Czechy;Praga;444;95;-5.4;-4;-1;2.6;7.1;10.5;11.9;11.7;8.7;4.3;0.2;-3.3;0.4;2.7;7.7;13.3;18.3;21.4;23.3;23;19;13.1;6;2;23.5;22.6;28.1;38.2;77.2;72.7;66.2;69.6;40;30.5;31.9;25.3;6.8;5.6;6.2;7.3;9.8;10.3;9.1;8.8;7;5.5;7;6.8;2;3;5;6;8;9;8;8;6;4;2;1
Malaysia;Pulau Pinang;654;204;23.5;23.7;24;24.4;24.4;24.2;23.7;23.6;23.5;23.5;23.5;23.7;31.8;32.1;32.2;32;31.6;31.5;31.1;30.9;30.5;30.5;30.7;31.1;66.7;93.1;136.9;211.5;238.6;173.5;202.8;246.3;342;369.4;241.3;106.2;7;8;12;17;18;13;15;17;20;22;19;12;8;8;8;8;7;7;7;6;5;5;6;7
Chile;Punta Arenas;243;348;7;7;5;3;1;-1;-1;0;1;3;4;6;16;16;14;11;8;5;5;6;9;11;14;15;40.1;33.6;44.1;42;34.3;27.3;33.2;37.5;28.7;28;29.2;36.1;18;15;17;16;15;13;14;13;13;14;16;18;7;7;5;4;3;3;3;4;5;6;7;7
Canada;Quebec;239;102;-17.6;-16.0;-9.4;-1.3;5.3;10.6;13.4;12.4;7.2;1.7;-4.3;-13.4;-7.9;-6.1;0.1;7.8;17.1;22.2;25.0;23.4;17.7;10.7;2.9;-4.8;89.8;70.6;90.3;81.2;106.1;114.2;127.8;116.7;125.5;101.7;102.0;104.4;18.5;14.9;14.3;13.3;14.3;13.7;13.8;13.9;14.2;15.1;16.4;19.5;0;0;0;0;0;0;0;0;0;0;0;0
New Zealand;Queenstown;820;326;9.7;9.3;7.3;4.2;2.0;-0.6;-1.6;0.1;2.3;4.3;6.2;8.4;21.7;21.5;18.7;15.1;11.5;8.3;7.7;9.9;12.9;15.3;17.6;19.8;63.9;48.1;52.7;56.0;70.1;72.1;49.2;68.7;66.8;65.6;67.6;76.4;0;0;0;0;0;0;0;0;0;0;0;0;0;0;0;0;0;0;0;0;0;0;0;0
Ekwador;Quito;217;216;8;8;8;8;8;7;7;7;7;8;7;8;22;22;22;21;21;22;22;23;23;22;22;22;73.6;114.1;126.9;149.3;98.2;37.1;26.2;32;79.3;115.3;78.9;82.9;10;11;15;15;13;7;5;5;11;14;11;11;5;5;4;5;5;6;7;7;8;5;6;6
Islandia;Reykjavik;356;60;-3;-2.1;-2;0.4;3.6;6.7;8.3;7.9;5;2.2;-1.3;-2.8;1.9;2.8;3.2;5.7;9.4;11.7;13.3;13;10.1;6.8;3.4;2.2;75.6;71.8;81.8;58.3;43.8;50;51.8;61.8;66.5;85.6;72.5;78.7;13.3;12.5;14.4;12.2;9.8;10.7;10;11.7;12.4;14.5;12.5;13.9;1;2;4;5;6;6;6;5;4;2;1;0
Lotwa;Riga;469;78;-7.8;-7.6;-4.7;1;5.9;10;12.3;11.8;8;4;-0.5;-4.4;-2.3;-1.7;2.7;9.8;16.2;20.1;21.7;21;16.3;10.4;3.9;0.3;34;27;28;41;44;63;85;73;75;60;57;46;19;18;16;13;13;11;12;16;17;19;19;21;1;2;4;6;7;11;10;9;6;3;1;1
Brasil;Rio;305;272;23.3;23.5;23.3;21.9;20.4;18.7;18.4;18.9;19.2;20.2;21.4;22.4;29.4;30.2;29.4;27.8;26.4;25.2;25.3;25.6;25;26;27.4;28.6;114.1;105.3;103.3;137.4;85.6;80.4;56.4;50.5;87.1;88.2;95.6;169;12;9;9;10;8;6;6;6;9;10;11;13;7;7;7;6;6;6;6;7;5;5;6;6
Saudi Arabia;Riyadh;524;159;6.9;9.3;13.2;18.4;23.4;25.3;26.4;26.3;22.9;18.2;13.3;8.4;20.1;23.3;27.7;33.3;39.4;42.6;43.7;43.7;40.6;35.5;28.1;22.1;16.6;9.2;21.8;26.3;6.0;0.0;0.0;0.0;0.0;1.2;13.0;17.0;5.8;4.0;9.8;12.4;3.1;0.0;0.0;0.1;0.0;0.9;4.3;5.9;0;0;0;0;0;0;0;0;0;0;0;0
Italy;Rome;440;114;3.7;4.4;5.8;8.3;11.9;15.6;18.2;18.4;15.8;12;8.1;5.1;12.9;13.7;15.3;18;22;25.6;28.6;28.7;26;22;17.2;13.9;80.7;74.9;65;54.7;31.8;16.3;14.7;33.3;68.2;93.4;110.5;89.6;9.1;8.3;7.9;7;4.4;2.4;1.6;2.8;4.5;7;9.9;9;4;4;6;7;8;9;11;10;8;6;4;4
USA;San Francisko;114;124;5.4;7.2;7.7;8.4;9.8;11.4;12.2;12.8;12.9;11;8.4;5.9;13.1;15.2;16;17.7;19.2;21.3;22;22.4;23.1;21.2;16.9;13.4;110.5;80.5;77.7;34.8;4.8;2.8;0.8;1.3;5.1;31;72.6;78.5;8;7.4;8;4.8;1.3;0.5;0.2;0.3;0.9;2.6;6.4;7.6;5;7;8;10;11;11;10;9;9;8;7;6
Kostaryka;San Jose;205;192;15.4;15.3;15.8;16.4;17;16.9;16.3;16.7;16.5;16.4;16.3;15.8;23.4;23.9;25.1;25.7;26.1;25.7;24.9;25.2;25.8;25.4;24.2;23.4;9.1;5.4;12;43.8;222;282.6;208.1;252.2;325;326;139.1;40.3;3;1;2;7;19;22;23;24;24;25;14;6;7;8;8;7;5;4;4;4;5;4;5;6
Chile;Santiago de Chile;237;289;13;12.4;10.7;8;6.3;4.3;3.9;4.8;6.1;8.2;10.1;12;29.7;29.1;26.9;23.3;18.7;15.2;14.9;16.7;19;22.3;25.4;28.4;0.4;0.8;3.2;10.4;42.2;70.4;86.6;51.8;22;13.4;9.2;2.1;1;2;2;5;7;8;6;6;6;4;3;2;11;9;9;6;4;3;3;4;5;6;9;10
Brasil;Sao Paulo;296;272;18.7;18.8;18.2;16.3;13.8;12.4;11.7;12.8;13.9;15.3;16.6;17.7;27.3;28;27.2;25.1;23;21.8;21.8;23.3;23.9;24.8;25.9;26.3;238.7;217.4;159.8;75.8;73.6;55.7;44.1;38.9;80.5;123.6;145.8;200.9;18;16;13;9;9;6;7;7;9;11;13;16;0;0;0;0;0;0;0;0;0;0;0;0
Japan;Sapporo;755;112;-7.0;-6.6;-2.9;3.2;8.3;12.9;17.3;19.1;14.2;7.5;1.3;-4.1;-0.6;0.1;4.0;11.5;17.3;21.5;24.9;26.4;22.4;16.2;8.5;2.1;113.6;94.0;77.8;56.8;53.1;46.8;81.0;123.8;135.2;108.7;104.1;111.7;18.1;16.0;14.2;9.0;8.5;6.5;8.0;8.5;9.7;11.7;13.9;15.4;0;0;0;0;0;0;0;0;0;0;0;0
USA;Seattle;112;103;1.8;3.0;3.6;5.1;7.9;11.1;12.9;13.2;11.1;7.7;4.5;2.1;7.2;9.7;11.5;14.0;17.7;21.1;24.0;24.0;20.7;15.4;10.3;7.3;136.7;101.3;89.9;59.2;43.2;38.1;19.3;29.0;47.8;82.0;148.1;150.1;15.5;13.1;13.7;10.6;7.8;6.0;3.4;4.5;6.8;10.0;15.3;15.8;0;0;0;0;0;0;0;0;0;0;0;0
South Korea;Seoul;720;128;-6.1;-4.1;1.1;7.3;12.6;17.8;21.8;22.1;16.7;9.8;2.9;-3.4;1.6;4.1;10.2;17.6;22.8;26.9;28.8;29.5;25.6;19.7;11.5;4.2;21.6;23.6;45.8;77;102.2;133.3;327.9;348;137.6;49.3;53;24.9;7.1;6;6.8;8;8.8;10;15.5;13.8;8.7;6.6;9;7.3;6;7;7;8;8;7;6;7;7;8;6;6
China;Shanghai;706;143;0.5;1.5;5.1;10.6;15.7;20.3;24.8;24.7;20.5;14.7;8.6;2.4;7.7;8.6;12.7;18.6;23.5;27.2;31.6;31.5;27.2;22.3;16.7;10.6;39;59;81;102;115;152;128;133;156;61;51;35;9;10;13;13;13;14;12;10;12;9;8;7;4;4;4;5;5;5;7;7;5;6;5;5
Ireland;Shannon;388;88;2.6;2.7;3.6;4.8;7.3;10.1;12;11.7;10.1;8;4.5;3.6;8.2;8.5;10.5;12.7;15.3;17.9;19.4;19.2;17.2;14.2;10.4;8.9;97;72;72;56;60;62;57;82;82;92;95;100;16;12;14;11;13;11;10;13;13;15;15;16;0;0;0;0;0;0;0;0;0;0;0;0
Egypt;Sharm El-Sheikh;493;149;13.3;13.7;16.1;20.1;23.8;26.5;26.7;28.0;26.5;23.4;18.9;15.0;21.7;22.4;25.1;29.8;33.9;37.0;37.5;37.5;35.4;31.5;27.0;23.2;0.5;0.2;1.2;0.2;0.5;0.0;0.0;0.0;0.04;0.8;3.3;0.5;0.3;0.1;0.5;0.1;0.1;0.0;0.0;0.0;0.1;0.4;0.4;0.3;0;0;0;0;0;0;0;0;0;0;0;0
Kambodża;SiemReap;664;186;19.7;20.8;26.1;25.1;25.4;24.8;24.8;25;24.5;23.9;22.4;20.3;32;33.3;34.6;35.5;35.2;33.5;32.7;32;32.2;31.3;30.6;31;0.7;3.5;28;61.2;175.9;221.3;236.6;151;276.1;248;81.7;10.1;0.8;2;3.8;8;17.2;20.4;21.8;19.2;21.4;21.4;10.4;3;0;0;0;0;0;0;0;0;0;0;0;0
Singapore;Singapore;663;213;23.1;23.5;23.9;24.3;24.6;24.5;24.2;24.2;23.9;23.9;23.6;23.3;29.9;31;31.4;31.7;31.6;31.2;30.8;30.8;30.7;31.1;30.5;29.6;198;154;171;141;158;140;145;143;177;167;252;304;17;11;14;15;15;13;13;14;14;16;18;19;5;7;6;6;6;6;6;6;5;5;5;4
Croatia;Split;449;110;-4.9;-2.9;0.3;4.8;9;12.1;13.8;13.4;10.4;5.7;1.2;-2.7;2.2;4.9;9.8;15.7;20.3;23.5;25.9;26;22.6;16.6;9.6;4.1;28;31;38;51;73;75;63;51;38;35;48;40;10;10;10;12;14;13;10;8;7;7;9;11;0;0;0;0;0;0;0;0;0;0;0;0
Russia;St. Petersburg;483;71;-10.7;-9.7;-5.2;0.6;6.5;11.4;13.9;12.8;8.1;3.4;-1.9;-7.1;-5.1;-4.1;1.1;8.1;15.6;20.1;21.9;20.0;14.5;8.2;2.0;-2.3;38;31;35;33;38;58;80;81;69;67;56;51;10;9;9;7;7;9;10;11;12;12;12;12;0;0;0;0;0;0;0;0;0;0;0;0
Sweden;Stockholm;454;71;-5;-5;-3;1;6;11;13;13;9;5;1;-3;-1;-1;3;9;16;21;22;20;15;10;5;1;39;27;26;30;30;45;72;66;55;50;53;46;18;15;13;11;11;12;15;14;15;14;17;18;1;3;5;7;9;11;10;8;6;3;1;1
Fiji;Suva;844;261;23.7;23.8;23.5;23.0;22.0;21.4;20.4;20.5;20.9;21.7;22.5;23.2;30.6;31.0;30.6;29.7;28.3;27.6;26.5;26.6;27.0;27.8;28.9;29.8;315;286;371;391;267;164;142;159;184;234;264;263;23;22;23;22;20;18;18;17;17;19;19;21;0;0;0;0;0;0;0;0;0;0;0;0
Australia;Sydney;778;299;18.6;18.7;17.5;14.6;11.5;9.2;8;8.9;11;13.5;15.5;17.5;25.8;25.7;24.7;22.3;19.3;16.8;16.2;17.7;19.8;22;23.5;25.1;104.3;116.1;132.1;127.8;122.8;129.8;98.9;82.2;69.5;77.2;83.3;78.3;12.2;12.3;13.3;12;12;11.5;10.3;9.9;10.4;11.4;11.4;11.5;7;7;6;6;6;5;6;7;7;8;7;8
Tahiti;Tahiti;46;259;23.4;23.5;23.5;23.3;22.5;21.2;20.8;20.5;21;21.9;22.6;23.1;30.3;30.5;30.8;30.6;29.9;28.9;28.3;28.2;28.6;29.1;29.5;29.8;315.2;233;195.3;140.8;92;60.2;60.5;48;46.3;90.8;162.1;317;0;0;0;0;0;0;0;0;0;0;0;0;0;0;0;0;0;0;0;0;0;0;0;0
Uzbekistan;Tashkent;578;116;-3.1;-1.5;4.2;9.9;13.7;17.7;19.4;17.2;12.4;7.2;3.3;-0.3;5.8;7.9;14.3;21.8;27.4;33.2;35.7;34.0;28.7;21.0;14.2;8.5;54.5;46.8;72.3;63.6;32.0;7.1;3.5;2.0;4.5;34.1;45.0;53.4;13.7;12.3;13.8;12.9;10.2;5.1;2.9;1.9;3.2;8.1;10.2;12.8;0;0;0;0;0;0;0;0;0;0;0;0
Iran;Teheran;535;131;-1.1;0.7;5.2;10.9;16.1;20.9;24;23;19.2;12.9;6.7;1.3;7.2;9.9;15.4;21.9;28;34.1;36.8;35.4;31.5;24;16.5;9.8;37.2;34;37.4;27.8;15.2;2.9;2.5;1.4;0.9;13.7;20.6;36.3;6.4;5.1;6.3;5.4;3.8;0.9;0.5;0.4;0.3;2.6;3.4;6;6;7;7;7;9;12;11;11;10;8;7;6
Izrael;TelAviv;494;139;9.6;9.8;11.5;14.4;17.3;20.6;23;23.7;22.5;19.1;14.6;11.2;17.5;17.7;19.2;22.8;24.9;27.5;29.4;30.2;29.4;27.3;23.4;19.2;126.9;90.1;60.6;18;2.3;0;0;0;0.4;26.3;79.3;126.4;12.8;10;8.5;3.1;0.8;0;0;0;0.3;3.2;7.5;10.9;0;0;0;0;0;0;0;0;0;0;0;0
Finland;Tempere;466;65;-10;-11;-6.7;-1.8;3.6;8.6;11.2;10.1;5.6;1.4;-3.2;-7.9;-3.6;-3.6;1.1;7;15.2;19.6;21.5;19.4;13.2;7.2;1.5;-1.9;38.1;25.5;31.2;32.5;35.5;58;72.4;75.4;60.6;56.5;49.9;39.8;10;7;8;7;7;9;10;11;10;11;11;11;1;2;4;6;9;9;8;7;4;3;1;1
Spain;Teneryfa;369;148;0;0;0;0;0;0;0;0;0;0;0;0;0;0;0;0;0;0;0;0;0;0;0;0;36.7;34.3;24.2;15.5;3.8;1.2;0;0.5;8.7;18.2;38.4;51.8;0;0;0;0;0;0;0;0;0;0;0;0;0;0;0;0;0;0;0;0;0;0;0;0
Greece;Thessaloniki;466;118;1.3;2.2;4.5;7.5;12.1;16.3;18.6;18.3;14.9;10.8;6.8;3;9.3;10.9;14.2;19;24.5;29.2;31.5;31.1;27.2;21.2;15.4;11;36.8;38;40.6;37.5;44.4;29.6;23.9;20.4;27.4;40.8;54.4;54.9;11.8;11.3;12.4;11.2;10.7;7.5;5.9;4.7;5.9;8.7;11.5;12.5;4;5;5;8;9;10;12;11;8;6;4;4
Japan;Tokyo;749;128;2.1;2.4;5.1;10.5;15.1;18.9;22.5;24.2;20.7;15;9.5;4.6;9.8;10;12.9;18.4;22.7;25.2;29;30.8;26.8;21.6;16.7;12.3;48.6;60.2;114.5;130.3;128;164.9;161.5;155.1;208.5;163.1;92.5;39.6;4.6;5.8;9.5;10.1;9.6;11.9;10.4;8.2;11.3;9.1;6.2;3.8;6;6;6;7;6;5;6;7;5;4;5;5
Canada;Toronto;216;109;-7.3;-6.3;-2;3.8;9.9;14.8;17.9;17.3;13.2;7.3;2.2;-3.7;-1.1;-0.2;4.6;11.3;18.5;23.5;26.4;25.3;20.7;13.8;7.4;1.8;61.2;50.5;66.1;69.6;73.3;71.5;67.5;79.6;83.4;64.7;75.7;71;15.3;11.7;12.7;12.1;12.2;11.1;10.3;10.5;10.6;11.4;12.7;14.5;2;4;4;6;7;9;9;8;7;5;3;2
Denmark;Torshavn;393;66;1;2;2;3;5;7;8;9;7;5;3;2;5;6;6;7;9;11;13;13;11;9;7;6;133;95;132;88;70;61;70;83;128;155;127;142;26;23;26;22;19;18;19;20;23;26;26;27;0;0;0;0;0;0;0;0;0;0;0;0
France;Toulouse;414;110;2.2;3.2;4.5;6.5;10.3;13.3;15.7;15.9;12.9;9.6;5.2;3.3;9.4;11.2;14;16.2;20.5;24.2;27.6;27.5;24.2;18.9;13;10.1;51.7;51.3;53.8;66.8;77.2;64.4;45.4;50.5;52.2;52.3;50.7;52.2;9.6;9;9.5;10.2;10.2;7.6;5.3;5.8;6.7;8;8.7;8.5;0;0;0;0;0;0;0;0;0;0;0;0
Norway;Tromsoe;456;45;-6.5;-6.5;-5.1;-2.2;2.0;6.1;8.7;7.8;4.4;0.7;-3.0;-5.4;-2.2;-2.1;-0.4;2.7;7.5;12.5;15.3;13.9;9.3;4.7;0.7;-1.3;95;87;72;64;48;59;77;82;102;131;108;106;19;18;17;17;15;17;19;19;23;22;20;20;0;0;0;0;0;0;0;0;0;0;0;0
Norway;Trondheim;438;60;-6.5;-5.7;-3.0;0.3;5.0;8.8;10.3;9.8;6.6;3.3;-2.0;-4.8;0.1;1.0;4.1;7.8;14.1;17.3;18.4;17.8;13.6;9.1;3.7;1.5;63;52;54;49;53;68;94;87;113;104;71;84;18;16;16;16;15;17;19;18;22;22;18;19;0;0;0;0;0;0;0;0;0;0;0;0
Tunezja;Tunis;435;127;7.2;7.4;8.3;10.4;13.7;17.3;20;20.8;19;15.5;11.3;8.2;15.7;16.5;18.1;20.7;24.9;29;32.6;32.7;29.7;25.2;20.5;16.7;59.3;57;47.2;38;22.6;10.4;3.1;7.1;32.5;65.5;56;66.8;13;12;11;9;6;5;2;3;7;9;11;14;5;6;7;8;10;11;12;11;9;7;6;5
Mongolia;Ulaanbaatar;670;101;-33.2;-30.1;-23.7;-14.3;-6.3;1.3;5.3;3.2;-5.1;-14.9;-25.1;-31.5;-7.3;-1;9.9;20.1;27.9;30.4;30.9;29.3;25;18.4;5.9;-4.9;2;2;3.3;8.4;13.4;50.9;65.7;76.3;32.1;8.3;4.9;3.2;4.1;2.9;3.8;5.1;5.8;11.9;15.6;14.3;7.9;4.7;5.1;5.5;3;4;5;6;8;7;7;7;6;5;3;2
Canada;Vancouver;110;96;0.5;1.5;3.1;5.3;8.4;11.2;13.2;13.4;10.5;6.6;3.1;0.8;6.1;8.0;10.1;13.1;16.5;19.2;21.7;21.9;18.7;13.5;9.0;6.2;153.6;123.1;114.3;84.0;67.9;54.8;39.6;39.1;53.5;112.6;181.0;175.7;18.5;16.3;17;13.9;13.0;11.2;6.9;6.8;8.6;14.3;19.7;19.8;0;0;0;0;0;0;0;0;0;0;0;0
India;Varanasi;612;156;8.8;11.3;16.3;22.0;26.2;27.9;26.4;26.0;25.0;20.7;14.1;9.6;23.2;26.7;33.0;38.8;40.9;38.8;33.8;32.8;32.7;32.7;29.3;24.6;17.6;15.0;7.9;4.4;10.5;96.6;309.9;273.2;246.4;35.1;10.7;6.5;0;0;0;0;0;0;0;0;0;0;0;0;0;0;0;0;0;0;0;0;0;0;0;0
Italy;Venice;441;106;-0.9;0.7;3.8;7.9;12.3;15.9;17.8;17.3;14.2;9.4;4.2;0.0;5.8;8.2;12.0;16.3;21.2;24.8;27.5;27.0;23.6;18.1;11.5;6.7;58.1;54.2;57.1;64.3;68.7;76.4;63.1;83.1;66.0;69.0;87.3;53.7;6.7;6.2;6.6;8.2;8.3;8.9;5.7;6.7;5.4;6.0;7.7;6.4;0;0;0;0;0;0;0;0;0;0;0;0
Zimbabwe;Victoria Falls;473;261;18.2;17.9;17.0;13.9;9.5;6.0;5.6;8.2;12.8;17.0;18.2;18.1;29.7;29.4;29.7;29.2;27.4;25.0;24.8;27.8;31.8;33.4;32.4;30.2;167.6;126.3;69.8;24.2;2.9;0.6;0.0;0.3;1.9;26.6;63.6;173.5;14;10;7;2;1;0;0;0;1;4;8;13;0;0;0;0;0;0;0;0;0;0;0;0
Austria;Vienna;449;100;-2;-0.9;2.4;5.8;10.5;13.5;15.4;15.3;11.7;7;2.4;-0.5;2.9;5.1;10.3;15.2;20.5;23.4;25.6;25.4;20.3;14.2;7.5;4;37.2;39.4;46.1;51.7;61.8;70.2;68.2;57.8;53.5;40;50;44.4;7.3;7.6;8.3;7.5;8.5;9.1;9;8;7;6;8.3;8.2;2;3;4;6;8;8;9;8;6;4;2;1
Lao;Vientiane;660;173;14;17;19;23;23;24;24;24;24;21;18;16;28;30;33;34;32;32;31;31;31;31;29;28;5;15;38;99;267;302;267;292;302;109;15;3;1;2;4;7;15;17;18;18;16;7;1;1;8;8;7;8;7;5;5;5;8;8;8;8
Russia;Vladivostok;733;111;-16.3;-13.7;-5.6;1.3;6.4;10.6;15.4;17.4;12.5;5.2;-4.2;-12.5;-8.8;-5.9;1.7;9.1;14.7;17.0;21.0;23.0;19.1;12.4;2.8;-5.5;15;19;25;54;61;100;124;153;126;66;38;18;3;3;4;7;8;11;11;10;7;6;4;3;0;0;0;0;0;0;0;0;0;0;0;0
Poland;Warsaw;460;90;-4.8;-4;-1;3.1;8.1;11.3;12.9;12.3;8.6;4.4;0.3;-2.8;0.4;1.9;6.8;13.1;19.3;21.9;23.6;23.4;17.9;12.3;5.5;1.9;22.1;22;28.1;34.8;50.7;71.3;73.2;59;49;38.2;36.6;34.6;15;14;13;12;12;13;13;12;12;13;14;16;2;2;3;5;8;8;7;7;5;4;2;1
New Zealand;Wellington;836;317;14.7;14.8;13.5;11.5;9.7;7.9;6.9;7.4;8.8;10.0;11.4;13.5;21.2;21.3;19.8;17.4;15.2;13.1;12.3;12.9;14.5;15.8;17.5;19.6;58.4;61.4;67.2;68.3;85.8;100.5;113.0;92.7;74.9;95.0;74.8;64.7;0;0;0;0;0;0;0;0;0;0;0;0;0;0;0;0;0;0;0;0;0;0;0;0
Namibia;Windhoek;451;271;17.7;17.0;15.9;12.9;9.8;6.9;6.9;8.9;12.4;14.7;16.2;17.2;30.3;28.7;27.4;25.8;23.4;20.7;21.2;23.8;27.5;29.3;30.2;31.4;85.6;91.4;69.6;35.1;5.9;1.5;0.1;1.1;4.4;13.1;29.3;30.7;12.5;12.0;10.8;6.6;1.5;0.5;0.1;0.3;1.0;3.1;6.1;7.1;0;0;0;0;0;0;0;0;0;0;0;0
Canada;Winnipeg;174;95;-22.8;-18.7;-11.0;-2.4;4.8;10.7;13.3;11.9;6.0;-0.3;-9.6;-19.1;-12.7;-8.5;-1.1;10.3;19.2;23.3;25.8;25.0;18.6;10.8;-0.9;-9.7;19.7;14.9;21.5;31.9;58.8;89.5;70.6;75.1;52.3;36.0;25.0;18.5;11.8;8.3;9.0;7.3;10.6;12.8;11.4;10.4;11.1;9.4;9.9;11.6;0;0;0;0;0;0;0;0;0;0;0;0
Birma;Yangon;644;175;17.9;19.3;21.6;24.3;25;24.5;24.1;24.1;24.2;24.2;22.4;19;32.2;34.5;36;37;33.4;30.2;29.7;29.6;30.4;31.5;32;31.5;5;2;7;15;303;547;559;602;368;206;60;7;0.2;0.2;0.4;1.6;12.6;25.3;26.2;26.1;19.5;12.2;4.8;0.2;10;10;10;10;10;7;4;3;3;5;6;6
Kamerun;Yaunde;439;205;17.1;20;13.9;19.7;19.5;19.3;19;19;19;18.9;19.2;19.1;30.9;30.6;30;29.5;28.7;27.5;26.2;26.3;27.2;27.6;28.2;28.3;17.3;51.4;139.6;180;219.7;162.3;69.5;102.3;254;296.1;110.9;25.2;2;5;12;16;18;16;11;14;22;24;11;3;6;6;5;5;5;4;3;3;3;4;5;6
Armenia;Yerevan;520;118;-8;-6;0;6;10;14;17;17;12;7;1;-4;1;4;11;19;24;29;33;32;28;21;12;4;22;25;30;37;44;21;9;8;8;27;23;23;9;9;8;11;13;8;5;3;4;7;7;8;0;0;0;0;0;0;0;0;0;0;0;0
Tanzania;Zanzibar;506;231;0;0;0;0;0;0;0;0;0;0;0;0;0;0;0;0;0;0;0;0;0;0;0;0;89;56;153;401;225;68;48;47;50;97;226;194;6;5;12;17;13;6;5;6;5;7;12;11;8;8.2;7.2;5.9;6.3;7.2;7.8;8.2;8.4;8.6;8.4;8.2
Switzerland;Zurich;431;101;-2.8;-1.9;0.6;3.7;7.7;10.8;12.8;12.4;10.0;6.2;1.4;-1.7;2.0;4.2;8.3;12.6;17.3;20.5;23.0;22.0;18.8;13.3;6.9;2.9;67;70;69;87;103;124;117;133;92;69;82;73;11;10;11;12;12;12;11;12;8;8;10;10;0;0;0;0;0;0;0;0;0;0;0;0
